Workbook

Sheet Results Input
A1: GenAI SEC RAG — Evaluation Results Input | 100 Questions
A2: QUESTION METADATA | H2: RETRIEVAL | K2: GENERATION | N2: TOKEN MATCH (script) | Q2: AGENTIC / DECISION
A3: Q ID | B3: System | C3: Company | D3: Form | E3: Year | F3: Q Type | G3: Expected Decision | H3: Precision | I3: Recall | J3: Relevancy | K3: Faithfulness | L3: Answer Relevancy | M3: Hallucination (↓ lower) | N3: F1 (Token) | O3: Precision (Token) | P3: Recall (Token) | Q3: Task Completion | R3: Correct Answer (1/0)
A4: 1 | B4: Baseline RAG | C4: Apple | D4: 10-K | E4: 2023 | F4: extractive | G4: ANSWER
A5: 2 | B5: Baseline RAG | C5: Apple | D5: 10-Q | E5: 2025 | F5: extractive | G5: ANSWER
A6: 3 | B6: Baseline RAG | C6: Microsoft | D6: 10-Q | E6: 2023 | F6: extractive | G6: ANSWER
A7: 4 | B7: Baseline RAG | C7: Microsoft | D7: 10-K | E7: 2023 | F7: extractive | G7: ANSWER
A8: 5 | B8: Baseline RAG | C8: NVIDIA | D8: 10-K | E8: 2025 | F8: extractive | G8: ANSWER
A9: 6 | B9: Baseline RAG | C9: NVIDIA | D9: 10-K | E9: 2024 | F9: extractive | G9: ANSWER
A10: 7 | B10: Baseline RAG | C10: NVIDIA | D10: 10-K | E10: 2025 | F10: extractive | G10: ANSWER
A11: 8 | B11: Baseline RAG | C11: JPMorgan Chase | D11: 10-K | E11: 2023 | F11: extractive | G11: ANSWER
A12: 9 | B12: Baseline RAG | C12: JPMorgan Chase | D12: 10-K | E12: 2024 | F12: extractive | G12: ANSWER
A13: 10 | B13: Baseline RAG | C13: Bank of America | D13: 10-Q | E13: 2025 | F13: extractive | G13: ANSWER
A14: 11 | B14: Baseline RAG | C14: Bank of America | D14: 10-K | E14: 2024 | F14: extractive | G14: ANSWER
A15: 12 | B15: Baseline RAG | C15: Berkshire Hathaway | D15: 10-K | E15: 2025 | F15: extractive | G15: ANSWER
... A78: 75 | B78: Baseline RAG | C78: Costco | D78: 10-Q | E78: 2024 | F78: reasoning | G78: ANSWER
A79: 76 | B79: Baseline RAG | C79: Apple | F79: hallucination | G79: REFUSE
A80: 77 | B80: Baseline RAG | C80: Apple | F80: hallucination | G80: REFUSE
A81: 78 | B81: Baseline RAG | C81: Microsoft | F81: hallucination | G81: REFUSE
A82: 79 | B82: Baseline RAG | C82: Microsoft | F82: hallucination | G82: REFUSE
A83: 80 | B83: Baseline RAG | C83: NVIDIA | F83: hallucination | G83: REFUSE
A84: 81 | B84: Baseline RAG | C84: NVIDIA | F84: hallucination | G84: REFUSE
A85: 82 | B85: Baseline RAG | C85: NVIDIA | F85: hallucination | G85: REFUSE
A86: 83 | B86: Baseline RAG | C86: JPMorgan Chase | F86: hallucination | G86: REFUSE
A87: 84 | B87: Baseline RAG | C87: JPMorgan Chase | F87: hallucination | G87: REFUSE
A88: 85 | B88: Baseline RAG | C88: Bank of America | F88: hallucination | G88: REFUSE
A89: 86 | B89: Baseline RAG | C89: Bank of America | F89: hallucination | G89: REFUSE
A90: 87 | B90: Baseline RAG | C90: Berkshire Hathaway | F90: hallucination | G90: REFUSE
... A103: 100 | B103: Baseline RAG | C103: Costco | F103: hallucination | G103: REFUSE
A104: 1 | B104: Adv RAG – Hybrid (BM25+Vector) | C104: Apple | D104: 10-K | E104: 2023 | F104: extractive | G104: ANSWER
A105: 2 | B105: Adv RAG – Hybrid (BM25+Vector) | C105: Apple | D105: 10-Q | E105: 2025 | F105: extractive | G105: ANSWER
A106: 3 | B106: Adv RAG – Hybrid (BM25+Vector) | C106: Microsoft | D106: 10-Q | E106: 2023 | F106: extractive | G106: ANSWER
A107: 4 | B107: Adv RAG – Hybrid (BM25+Vector) | C107: Microsoft | D107: 10-K | E107: 2023 | F107: extractive | G107: ANSWER
A108: 5 | B108: Adv RAG – Hybrid (BM25+Vector) | C108: NVIDIA | D108: 10-K | E108: 2025 | F108: extractive | G108: ANSWER
A109: 6 | B109: Adv RAG – Hybrid (BM25+Vector) | C109: NVIDIA | D109: 10-K | E109: 2024 | F109: extractive | G109: ANSWER
A110: 7 | B110: Adv RAG – Hybrid (BM25+Vector) | C110: NVIDIA | D110: 10-K | E110: 2025 | F110: extractive | G110: ANSWER
A111: 8 | B111: Adv RAG – Hybrid (BM25+Vector) | C111: JPMorgan Chase | D111: 10-K | E111: 2023 | F111: extractive | G111: ANSWER
A112: 9 | B112: Adv RAG – Hybrid (BM25+Vector) | C112: JPMorgan Chase | D112: 10-K | E112: 2024 | F112: extractive | G112: ANSWER
A113: 10 | B113: Adv RAG – Hybrid (BM25+Vector) | C113: Bank of America | D113: 10-Q | E113: 2025 | F113: extractive | G113: ANSWER
A114: 11 | B114: Adv RAG – Hybrid (BM25+Vector) | C114: Bank of America | D114: 10-K | E114: 2024 | F114: extractive | G114: ANSWER
A115: 12 | B115: Adv RAG – Hybrid (BM25+Vector) | C115: Berkshire Hathaway | D115: 10-K | E115: 2025 | F115: extractive | G115: ANSWER
... A178: 75 | B178: Adv RAG – Hybrid (BM25+Vector) | C178: Costco | D178: 10-Q | E178: 2024 | F178: reasoning | G178: ANSWER
A179: 76 | B179: Adv RAG – Hybrid (BM25+Vector) | C179: Apple | F179: hallucination | G179: REFUSE
A180: 77 | B180: Adv RAG – Hybrid (BM25+Vector) | C180: Apple | F180: hallucination | G180: REFUSE
A181: 78 | B181: Adv RAG – Hybrid (BM25+Vector) | C181: Microsoft | F181: hallucination | G181: REFUSE
A182: 79 | B182: Adv RAG – Hybrid (BM25+Vector) | C182: Microsoft | F182: hallucination | G182: REFUSE
A183: 80 | B183: Adv RAG – Hybrid (BM25+Vector) | C183: NVIDIA | F183: hallucination | G183: REFUSE
A184: 81 | B184: Adv RAG – Hybrid (BM25+Vector) | C184: NVIDIA | F184: hallucination | G184: REFUSE
A185: 82 | B185: Adv RAG – Hybrid (BM25+Vector) | C185: NVIDIA | F185: hallucination | G185: REFUSE
A186: 83 | B186: Adv RAG – Hybrid (BM25+Vector) | C186: JPMorgan Chase | F186: hallucination | G186: REFUSE
A187: 84 | B187: Adv RAG – Hybrid (BM25+Vector) | C187: JPMorgan Chase | F187: hallucination | G187: REFUSE
A188: 85 | B188: Adv RAG – Hybrid (BM25+Vector) | C188: Bank of America | F188: hallucination | G188: REFUSE
A189: 86 | B189: Adv RAG – Hybrid (BM25+Vector) | C189: Bank of America | F189: hallucination | G189: REFUSE
A190: 87 | B190: Adv RAG – Hybrid (BM25+Vector) | C190: Berkshire Hathaway | F190: hallucination | G190: REFUSE
... A203: 100 | B203: Adv RAG – Hybrid (BM25+Vector) | C203: Costco | F203: hallucination | G203: REFUSE
A204: 1 | B204: Adv RAG + LangGraph | C204: Apple | D204: 10-K | E204: 2023 | F204: extractive | G204: ANSWER
A205: 2 | B205: Adv RAG + LangGraph | C205: Apple | D205: 10-Q | E205: 2025 | F205: extractive | G205: ANSWER
A206: 3 | B206: Adv RAG + LangGraph | C206: Microsoft | D206: 10-Q | E206: 2023 | F206: extractive | G206: ANSWER
A207: 4 | B207: Adv RAG + LangGraph | C207: Microsoft | D207: 10-K | E207: 2023 | F207: extractive | G207: ANSWER
A208: 5 | B208: Adv RAG + LangGraph | C208: NVIDIA | D208: 10-K | E208: 2025 | F208: extractive | G208: ANSWER
A209: 6 | B209: Adv RAG + LangGraph | C209: NVIDIA | D209: 10-K | E209: 2024 | F209: extractive | G209: ANSWER | H209: 0 | I209: 0 | J209: 0.2 | K209: 0 | L209: 1 | M209: 1 | N209: 0.59259259 | O209: 0.66666667 | P209: 0.53333333 | Q209: 1 | R209: 1
A210: 7 | B210: Adv RAG + LangGraph | C210: NVIDIA | D210: 10-K | E210: 2025 | F210: extractive | G210: ANSWER
A211: 8 | B211: Adv RAG + LangGraph | C211: JPMorgan Chase | D211: 10-K | E211: 2023 | F211: extractive | G211: ANSWER
A212: 9 | B212: Adv RAG + LangGraph | C212: JPMorgan Chase | D212: 10-K | E212: 2024 | F212: extractive | G212: ANSWER
A213: 10 | B213: Adv RAG + LangGraph | C213: Bank of America | D213: 10-Q | E213: 2025 | F213: extractive | G213: ANSWER | H213: 0 | I213: 0 | J213: 0.6 | K213: 1 | L213: 0 | M213: 0 | N213: 0.20408163 | O213: 0.12195122 | P213: 0.625 | Q213: 0 | R213: 0
A214: 11 | B214: Adv RAG + LangGraph | C214: Bank of America | D214: 10-K | E214: 2024 | F214: extractive | G214: ANSWER | H214: 0 | I214: 0 | J214: 0 | K214: 1 | L214: 0 | M214: 0 | N214: 0.098360656 | O214: 0.17647059 | P214: 0.068181818 | Q214: 0 | R214: 0
A215: 12 | B215: Adv RAG + LangGraph | C215: Berkshire Hathaway | D215: 10-K | E215: 2025 | F215: extractive | G215: ANSWER
A216: 13 | B216: Adv RAG + LangGraph | C216: Berkshire Hathaway | D216: 10-Q | E216: 2023 | F216: extractive | G216: ANSWER
A217: 14 | B217: Adv RAG + LangGraph | C217: Johnson & Johnson | D217: 10-Q | E217: 2025 | F217: extractive | G217: ANSWER
A218: 15 | B218: Adv RAG + LangGraph | C218: Johnson & Johnson | D218: 10-K | E218: 2025 | F218: extractive | G218: ANSWER | H218: 0 | I218: 0 | J218: 0 | K218: 0 | L218: 0 | M218: 1 | N218: 0.25531915 | O218: 0.19354839 | P218: 0.375 | Q218: 1 | R218: 0
A219: 16 | B219: Adv RAG + LangGraph | C219: UnitedHealth Group | D219: 10-Q | E219: 2024 | F219: extractive | G219: ANSWER | H219: 0 | I219: 0 | J219: 0.8 | K219: 1 | L219: 0 | M219: 0 | N219: 0.30508475 | O219: 0.20930233 | P219: 0.5625 | Q219: 0 | R219: 0
A220: 17 | B220: Adv RAG + LangGraph | C220: UnitedHealth Group | D220: 10-K | E220: 2023 | F220: extractive | G220: ANSWER
A221: 18 | B221: Adv RAG + LangGraph | C221: Exxon Mobil | D221: 10-K | E221: 2023 | F221: extractive | G221: ANSWER | H221: 0 | I221: 0 | J221: 0.4 | K221: 1 | L221: 0 | M221: 0 | N221: 0.18666667 | O221: 0.10769231 | P221: 0.7 | Q221: 0 | R221: 0
A222: 19 | B222: Adv RAG + LangGraph | C222: Exxon Mobil | D222: 10-Q | E222: 2025 | F222: extractive | G222: ANSWER
A223: 20 | B223: Adv RAG + LangGraph | C223: Chevron | D223: 10-Q | E223: 2024 | F223: extractive | G223: ANSWER
A224: 21 | B224: Adv RAG + LangGraph | C224: Chevron | D224: 10-K | E224: 2025 | F224: extractive | G224: ANSWER
A225: 22 | B225: Adv RAG + LangGraph | C225: Walmart | D225: 10-Q | E225: 2023 | F225: extractive | G225: ANSWER | H225: 0.2 | I225: 1 | J225: 0 | K225: 1 | L225: 1 | M225: 0 | N225: 0.68181818 | O225: 0.57692308 | P225: 0.83333333 | Q225: 1 | R225: 1
A226: 23 | B226: Adv RAG + LangGraph | C226: Walmart | D226: 10-K | E226: 2024 | F226: extractive | G226: ANSWER
A227: 24 | B227: Adv RAG + LangGraph | C227: Costco | D227: 10-K | E227: 2025 | F227: extractive | G227: ANSWER | H227: 0 | I227: 0 | J227: 0.2 | K227: 1 | L227: 0 | M227: 0 | N227: 0.039669421 | O227: 0.020236088 | P227: 1 | Q227: 1 | R227: 0
A228: 25 | B228: Adv RAG + LangGraph | C228: Costco | D228: 10-Q | E228: 2023 | F228: extractive | G228: ANSWER
A229: 26 | B229: Adv RAG + LangGraph | C229: Apple | D229: 10-K | E229: 2023 | F229: paraphrased | G229: ANSWER
A230: 27 | B230: Adv RAG + LangGraph | C230: Apple | D230: 10-Q | E230: 2025 | F230: paraphrased | G230: ANSWER
A231: 28 | B231: Adv RAG + LangGraph | C231: Microsoft | D231: 10-Q | E231: 2023 | F231: paraphrased | G231: ANSWER
A232: 29 | B232: Adv RAG + LangGraph | C232: Microsoft | D232: 10-K | E232: 2023 | F232: paraphrased | G232: ANSWER
A233: 30 | B233: Adv RAG + LangGraph | C233: NVIDIA | D233: 10-K | E233: 2025 | F233: paraphrased | G233: ANSWER
A234: 31 | B234: Adv RAG + LangGraph | C234: NVIDIA | D234: 10-K | E234: 2024 | F234: paraphrased | G234: ANSWER
A235: 32 | B235: Adv RAG + LangGraph | C235: NVIDIA | D235: 10-K | E235: 2025 | F235: paraphrased | G235: ANSWER
A236: 33 | B236: Adv RAG + LangGraph | C236: JPMorgan Chase | D236: 10-K | E236: 2023 | F236: paraphrased | G236: ANSWER | H236: 0 | I236: 0 | J236: 0.4 | K236: 1 | L236: 1 | M236: 0 | N236: 0.070422535 | O236: 0.037128713 | P236: 0.68181818 | Q236: 1 | R236: 1
A237: 34 | B237: Adv RAG + LangGraph | C237: JPMorgan Chase | D237: 10-K | E237: 2024 | F237: paraphrased | G237: ANSWER
A238: 35 | B238: Adv RAG + LangGraph | C238: Bank of America | D238: 10-Q | E238: 2025 | F238: paraphrased | G238: ANSWER
A239: 36 | B239: Adv RAG + LangGraph | C239: Bank of America | D239: 10-K | E239: 2024 | F239: paraphrased | G239: ANSWER
A240: 37 | B240: Adv RAG + LangGraph | C240: Berkshire Hathaway | D240: 10-K | E240: 2025 | F240: paraphrased | G240: ANSWER
A241: 38 | B241: Adv RAG + LangGraph | C241: Berkshire Hathaway | D241: 10-Q | E241: 2023 | F241: paraphrased | G241: ANSWER
A242: 39 | B242: Adv RAG + LangGraph | C242: Johnson & Johnson | D242: 10-Q | E242: 2025 | F242: paraphrased | G242: ANSWER | H242: 0 | I242: 0 | J242: 1 | K242: 1 | L242: 0 | M242: 0 | N242: 0.18918919 | O242: 0.12280702 | P242: 0.41176471 | Q242: 0 | R242: 0
A243: 40 | B243: Adv RAG + LangGraph | C243: Johnson & Johnson | D243: 10-K | E243: 2025 | F243: paraphrased | G243: ANSWER
A244: 41 | B244: Adv RAG + LangGraph | C244: UnitedHealth Group | D244: 10-Q | E244: 2024 | F244: paraphrased | G244: ANSWER | H244: 0.2 | I244: 1 | J244: 0.6 | K244: 1 | L244: 1 | M244: 0 | N244: 0.11859838 | O244: 0.064896755 | P244: 0.6875 | Q244: 1 | R244: 1
A245: 42 | B245: Adv RAG + LangGraph | C245: UnitedHealth Group | D245: 10-K | E245: 2023 | F245: paraphrased | G245: ANSWER | H245: 0 | I245: 0 | J245: 0.2 | K245: 1 | L245: 0 | M245: 0 | N245: 0.058823529 | O245: 0.03038674 | P245: 0.91666667 | Q245: 1 | R245: 0
A246: 43 | B246: Adv RAG + LangGraph | C246: Exxon Mobil | D246: 10-K | E246: 2023 | F246: paraphrased | G246: ANSWER
A247: 44 | B247: Adv RAG + LangGraph | C247: Exxon Mobil | D247: 10-Q | E247: 2025 | F247: paraphrased | G247: ANSWER | H247: 0 | I247: 0 | J247: 0 | K247: 1 | L247: 0 | M247: 0 | N247: 0.15789474 | O247: 0.15 | P247: 0.16666667 | Q247: 1 | R247: 0
A248: 45 | B248: Adv RAG + LangGraph | C248: Chevron | D248: 10-Q | E248: 2024 | F248: paraphrased | G248: ANSWER | H248: 0 | I248: 0 | J248: 0 | K248: 0.5 | L248: 0 | M248: 0.5 | N248: 0.18181818 | O248: 0.11111111 | P248: 0.5 | Q248: 1 | R248: 0
...

Sheet Macro Accuracy & F1 & RAGAS
A1: Macro Accuracy & Macro F1 | Unweighted Average Across 4 Question Types
A2: Macro Accuracy = mean of per-type accuracy. Macro F1 = mean of per-type F1 (token). Correct Answer binary (col R) drives accuracy.
A3: PER-TYPE ACCURACY (Correct Answer Rate)
A4: System | B4: extractive | C4: paraphrased | D4: reasoning | E4: hallucination | F4: Macro Accuracy | G4: Macro F1
A5: Baseline RAG | B5: =IFERROR(AVERAGE('Results Input'!R4,'Results Input'!R5,'Results Input'!R6,'Results Input'!R7,'Results Input'!R8,'Results Input'!R9,'Results Input'!R10,'Results Input'!R11,'Results Input'!R12,'Results Input'!R13,'Results Input'!R14,'Results Input'!R15,'Results Input'!R16,'Results Input'!R17,'Results Input'!R18,'Results Input'!R19,'Results Input'!R20,'Results Input'!R21,'Results Input'!R22,'Results Input'!R23,'Results Input'!R24,'Results Input'!R25,'Results Input'!R26,'Results Input'!R27,'Results Input'!R28),"") | C5: =IFERROR(AVERAGE('Results Input'!R29,'Results Input'!R30,'Results Input'!R31,'Results Input'!R32,'Results Input'!R33,'Results Input'!R34,'Results Input'!R35,'Results Input'!R36,'Results Input'!R37,'Results Input'!R38,'Results Input'!R39,'Results Input'!R40,'Results Input'!R41,'Results Input'!R42,'Results Input'!R43,'Results Input'!R44,'Results Input'!R45,'Results Input'!R46,'Results Input'!R47,'Results Input'!R48,'Results Input'!R49,'Results Input'!R50,'Results Input'!R51,'Results Input'!R52,'Results Input'!R53),"") | D5: =IFERROR(AVERAGE('Results Input'!R54,'Results Input'!R55,'Results Input'!R56,'Results Input'!R57,'Results Input'!R58,'Results Input'!R59,'Results Input'!R60,'Results Input'!R61,'Results Input'!R62,'Results Input'!R63,'Results Input'!R64,'Results Input'!R65,'Results Input'!R66,'Results Input'!R67,'Results Input'!R68,'Results Input'!R69,'Results Input'!R70,'Results Input'!R71,'Results Input'!R72,'Results Input'!R73,'Results Input'!R74,'Results Input'!R75,'Results Input'!R76,'Results Input'!R77,'Results Input'!R78),"") | E5: =IFERROR(AVERAGE('Results Input'!R79,'Results Input'!R80,'Results Input'!R81,'Results Input'!R82,'Results Input'!R83,'Results Input'!R84,'Results Input'!R85,'Results Input'!R86,'Results Input'!R87,'Results Input'!R88,'Results Input'!R89,'Results Input'!R90,'Results Input'!R91,'Results Input'!R92,'Results Input'!R93,'Results Input'!R94,'Results Input'!R95,'Results Input'!R96,'Results Input'!R97,'Results Input'!R98,'Results Input'!R99,'Results Input'!R100,'Results Input'!R101,'Results Input'!R102,'Results Input'!R103),"") | F5: =IFERROR(AVERAGE(B5:E5),"") | G5: =IFERROR((AVERAGE('Results Input'!N4,'Results Input'!N5,'Results Input'!N6,'Results Input'!N7,'Results Input'!N8,'Results Input'!N9,'Results Input'!N10,'Results Input'!N11,'Results Input'!N12,'Results Input'!N13,'Results Input'!N14,'Results Input'!N15,'Results Input'!N16,'Results Input'!N17,'Results Input'!N18,'Results Input'!N19,'Results Input'!N20,'Results Input'!N21,'Results Input'!N22,'Results Input'!N23,'Results Input'!N24,'Results Input'!N25,'Results Input'!N26,'Results Input'!N27,'Results Input'!N28)+AVERAGE('Results Input'!N29,'Results Input'!N30,'Results Input'!N31,'Results Input'!N32,'Results Input'!N33,'Results Input'!N34,'Results Input'!N35,'Results Input'!N36,'Results Input'!N37,'Results Input'!N38,'Results Input'!N39,'Results Input'!N40,'Results Input'!N41,'Results Input'!N42,'Results Input'!N43,'Results Input'!N44,'Results Input'!N45,'Results Input'!N46,'Results Input'!N47,'Results Input'!N48,'Results Input'!N49,'Results Input'!N50,'Results Input'!N51,'Results Input'!N52,'Results Input'!N53)+AVERAGE('Results Input'!N54,'Results Input'!N55,'Results Input'!N56,'Results Input'!N57,'Results Input'!N58,'Results Input'!N59,'Results Input'!N60,'Results Input'!N61,'Results Input'!N62,'Results Input'!N63,'Results Input'!N64,'Results Input'!N65,'Results Input'!N66,'Results Input'!N67,'Results Input'!N68,'Results Input'!N69,'Results Input'!N70,'Results Input'!N71,'Results Input'!N72,'Results Input'!N73,'Results Input'!N74,'Results Input'!N75,'Results Input'!N76,'Results Input'!N77,'Results Input'!N78)+AVERAGE('Results Input'!N79,'Results Input'!N80,'Results Input'!N81,'Results Input'!N82,'Results Input'!N83,'Results Input'!N84,'Results Input'!N85,'Results Input'!N86,'Results Input'!N87,'Results Input'!N88,'Results Input'!N89,'Results Input'!N90,'Results Input'!N91,'Results Input'!N92,'Results Input'!N93,'Results Input'!N94,'Results Input'!N95,'Results Input'!N96,'Results Input'!N97,'Results Input'!N98,'Results Input'!N99,'Results Input'!N100,'Results Input'!N101,'Results Input'!N102,'Results Input'!N103))/4,"")
A6: Adv RAG – Hybrid (BM25+Vector) | B6: =IFERROR(AVERAGE('Results Input'!R104,'Results Input'!R105,'Results Input'!R106,'Results Input'!R107,'Results Input'!R108,'Results Input'!R109,'Results Input'!R110,'Results Input'!R111,'Results Input'!R112,'Results Input'!R113,'Results Input'!R114,'Results Input'!R115,'Results Input'!R116,'Results Input'!R117,'Results Input'!R118,'Results Input'!R119,'Results Input'!R120,'Results Input'!R121,'Results Input'!R122,'Results Input'!R123,'Results Input'!R124,'Results Input'!R125,'Results Input'!R126,'Results Input'!R127,'Results Input'!R128),"") | C6: =IFERROR(AVERAGE('Results Input'!R129,'Results Input'!R130,'Results Input'!R131,'Results Input'!R132,'Results Input'!R133,'Results Input'!R134,'Results Input'!R135,'Results Input'!R136,'Results Input'!R137,'Results Input'!R138,'Results Input'!R139,'Results Input'!R140,'Results Input'!R141,'Results Input'!R142,'Results Input'!R143,'Results Input'!R144,'Results Input'!R145,'Results Input'!R146,'Results Input'!R147,'Results Input'!R148,'Results Input'!R149,'Results Input'!R150,'Results Input'!R151,'Results Input'!R152,'Results Input'!R153),"") | D6: =IFERROR(AVERAGE('Results Input'!R154,'Results Input'!R155,'Results Input'!R156,'Results Input'!R157,'Results Input'!R158,'Results Input'!R159,'Results Input'!R160,'Results Input'!R161,'Results Input'!R162,'Results Input'!R163,'Results Input'!R164,'Results Input'!R165,'Results Input'!R166,'Results Input'!R167,'Results Input'!R168,'Results Input'!R169,'Results Input'!R170,'Results Input'!R171,'Results Input'!R172,'Results Input'!R173,'Results Input'!R174,'Results Input'!R175,'Results Input'!R176,'Results Input'!R177,'Results Input'!R178),"") | E6: =IFERROR(AVERAGE('Results Input'!R179,'Results Input'!R180,'Results Input'!R181,'Results Input'!R182,'Results Input'!R183,'Results Input'!R184,'Results Input'!R185,'Results Input'!R186,'Results Input'!R187,'Results Input'!R188,'Results Input'!R189,'Results Input'!R190,'Results Input'!R191,'Results Input'!R192,'Results Input'!R193,'Results Input'!R194,'Results Input'!R195,'Results Input'!R196,'Results Input'!R197,'Results Input'!R198,'Results Input'!R199,'Results Input'!R200,'Results Input'!R201,'Results Input'!R202,'Results Input'!R203),"") | F6: =IFERROR(AVERAGE(B6:E6),"") | G6: =IFERROR((AVERAGE('Results Input'!N104,'Results Input'!N105,'Results Input'!N106,'Results Input'!N107,'Results Input'!N108,'Results Input'!N109,'Results Input'!N110,'Results Input'!N111,'Results Input'!N112,'Results Input'!N113,'Results Input'!N114,'Results Input'!N115,'Results Input'!N116,'Results Input'!N117,'Results Input'!N118,'Results Input'!N119,'Results Input'!N120,'Results Input'!N121,'Results Input'!N122,'Results Input'!N123,'Results Input'!N124,'Results Input'!N125,'Results Input'!N126,'Results Input'!N127,'Results Input'!N128)+AVERAGE('Results Input'!N129,'Results Input'!N130,'Results Input'!N131,'Results Input'!N132,'Results Input'!N133,'Results Input'!N134,'Results Input'!N135,'Results Input'!N136,'Results Input'!N137,'Results Input'!N138,'Results Input'!N139,'Results Input'!N140,'Results Input'!N141,'Results Input'!N142,'Results Input'!N143,'Results Input'!N144,'Results Input'!N145,'Results Input'!N146,'Results Input'!N147,'Results Input'!N148,'Results Input'!N149,'Results Input'!N150,'Results Input'!N151,'Results Input'!N152,'Results Input'!N153)+AVERAGE('Results Input'!N154,'Results Input'!N155,'Results Input'!N156,'Results Input'!N157,'Results Input'!N158,'Results Input'!N159,'Results Input'!N160,'Results Input'!N161,'Results Input'!N162,'Results Input'!N163,'Results Input'!N164,'Results Input'!N165,'Results Input'!N166,'Results Input'!N167,'Results Input'!N168,'Results Input'!N169,'Results Input'!N170,'Results Input'!N171,'Results Input'!N172,'Results Input'!N173,'Results Input'!N174,'Results Input'!N175,'Results Input'!N176,'Results Input'!N177,'Results Input'!N178)+AVERAGE('Results Input'!N179,'Results Input'!N180,'Results Input'!N181,'Results Input'!N182,'Results Input'!N183,'Results Input'!N184,'Results Input'!N185,'Results Input'!N186,'Results Input'!N187,'Results Input'!N188,'Results Input'!N189,'Results Input'!N190,'Results Input'!N191,'Results Input'!N192,'Results Input'!N193,'Results Input'!N194,'Results Input'!N195,'Results Input'!N196,'Results Input'!N197,'Results Input'!N198,'Results Input'!N199,'Results Input'!N200,'Results Input'!N201,'Results Input'!N202,'Results Input'!N203))/4,"")
A7: Adv RAG +LangGraph | B7: =IFERROR(AVERAGE('Results Input'!R204,'Results Input'!R205,'Results Input'!R206,'Results Input'!R207,'Results Input'!R208,'Results Input'!R209,'Results Input'!R210,'Results Input'!R211,'Results Input'!R212,'Results Input'!R213,'Results Input'!R214,'Results Input'!R215,'Results Input'!R216,'Results Input'!R217,'Results Input'!R218,'Results Input'!R219,'Results Input'!R220,'Results Input'!R221,'Results Input'!R222,'Results Input'!R223,'Results Input'!R224,'Results Input'!R225,'Results Input'!R226,'Results Input'!R227,'Results Input'!R228),"") | C7: =IFERROR(AVERAGE('Results Input'!R229,'Results Input'!R230,'Results Input'!R231,'Results Input'!R232,'Results Input'!R233,'Results Input'!R234,'Results Input'!R235,'Results Input'!R236,'Results Input'!R237,'Results Input'!R238,'Results Input'!R239,'Results Input'!R240,'Results Input'!R241,'Results Input'!R242,'Results Input'!R243,'Results Input'!R244,'Results Input'!R245,'Results Input'!R246,'Results Input'!R247,'Results Input'!R248,'Results Input'!R249,'Results Input'!R250,'Results Input'!R251,'Results Input'!R252,'Results Input'!R253),"") | D7: =IFERROR(AVERAGE('Results Input'!R254,'Results Input'!R255,'Results Input'!R256,'Results Input'!R257,'Results Input'!R258,'Results Input'!R259,'Results Input'!R260,'Results Input'!R261,'Results Input'!R262,'Results Input'!R263,'Results Input'!R264,'Results Input'!R265,'Results Input'!R266,'Results Input'!R267,'Results Input'!R268,'Results Input'!R269,'Results Input'!R270,'Results Input'!R271,'Results Input'!R272,'Results Input'!R273,'Results Input'!R274,'Results Input'!R275,'Results Input'!R276,'Results Input'!R277,'Results Input'!R278),"") | E7: =IFERROR(AVERAGE('Results Input'!R279,'Results Input'!R280,'Results Input'!R281,'Results Input'!R282,'Results Input'!R283,'Results Input'!R284,'Results Input'!R285,'Results Input'!R286,'Results Input'!R287,'Results Input'!R288,'Results Input'!R289,'Results Input'!R290,'Results Input'!R291,'Results Input'!R292,'Results Input'!R293,'Results Input'!R294,'Results Input'!R295,'Results Input'!R296,'Results Input'!R297,'Results Input'!R298,'Results Input'!R299,'Results Input'!R300,'Results Input'!R301,'Results Input'!R302,'Results Input'!R303),"") | F7: =IFERROR(AVERAGE(B7:E7),"") | G7: =IFERROR((AVERAGE('Results Input'!N204,'Results Input'!N205,'Results Input'!N206,'Results Input'!N207,'Results Input'!N208,'Results Input'!N209,'Results Input'!N210,'Results Input'!N211,'Results Input'!N212,'Results Input'!N213,'Results Input'!N214,'Results Input'!N215,'Results Input'!N216,'Results Input'!N217,'Results Input'!N218,'Results Input'!N219,'Results Input'!N220,'Results Input'!N221,'Results Input'!N222,'Results Input'!N223,'Results Input'!N224,'Results Input'!N225,'Results Input'!N226,'Results Input'!N227,'Results Input'!N228)+AVERAGE('Results Input'!N229,'Results Input'!N230,'Results Input'!N231,'Results Input'!N232,'Results Input'!N233,'Results Input'!N234,'Results Input'!N235,'Results Input'!N236,'Results Input'!N237,'Results Input'!N238,'Results Input'!N239,'Results Input'!N240,'Results Input'!N241,'Results Input'!N242,'Results Input'!N243,'Results Input'!N244,'Results Input'!N245,'Results Input'!N246,'Results Input'!N247,'Results Input'!N248,'Results Input'!N249,'Results Input'!N250,'Results Input'!N251,'Results Input'!N252,'Results Input'!N253)+AVERAGE('Results Input'!N254,'Results Input'!N255,'Results Input'!N256,'Results Input'!N257,'Results Input'!N258,'Results Input'!N259,'Results Input'!N260,'Results Input'!N261,'Results Input'!N262,'Results Input'!N263,'Results Input'!N264,'Results Input'!N265,'Results Input'!N266,'Results Input'!N267,'Results Input'!N268,'Results Input'!N269,'Results Input'!N270,'Results Input'!N271,'Results Input'!N272,'Results Input'!N273,'Results Input'!N274,'Results Input'!N275,'Results Input'!N276,'Results Input'!N277,'Results Input'!N278)+AVERAGE('Results Input'!N279,'Results Input'!N280,'Results Input'!N281,'Results Input'!N282,'Results Input'!N283,'Results Input'!N284,'Results Input'!N285,'Results Input'!N286,'Results Input'!N287,'Results Input'!N288,'Results Input'!N289,'Results Input'!N290,'Results Input'!N291,'Results Input'!N292,'Results Input'!N293,'Results Input'!N294,'Results Input'!N295,'Results Input'!N296,'Results Input'!N297,'Results Input'!N298,'Results Input'!N299,'Results Input'!N300,'Results Input'!N301,'Results Input'!N302,'Results Input'!N303))/4,"")
A8: Adv RAG + LlamaIndex | B8: =IFERROR(AVERAGE('Results Input'!R304,'Results Input'!R305,'Results Input'!R306,'Results Input'!R307,'Results Input'!R308,'Results Input'!R309,'Results Input'!R310,'Results Input'!R311,'Results Input'!R312,'Results Input'!R313,'Results Input'!R314,'Results Input'!R315,'Results Input'!R316,'Results Input'!R317,'Results Input'!R318,'Results Input'!R319,'Results Input'!R320,'Results Input'!R321,'Results Input'!R322,'Results Input'!R323,'Results Input'!R324,'Results Input'!R325,'Results Input'!R326,'Results Input'!R327,'Results Input'!R328),"") | C8: =IFERROR(AVERAGE('Results Input'!R329,'Results Input'!R330,'Results Input'!R331,'Results Input'!R332,'Results Input'!R333,'Results Input'!R334,'Results Input'!R335,'Results Input'!R336,'Results Input'!R337,'Results Input'!R338,'Results Input'!R339,'Results Input'!R340,'Results Input'!R341,'Results Input'!R342,'Results Input'!R343,'Results Input'!R344,'Results Input'!R345,'Results Input'!R346,'Results Input'!R347,'Results Input'!R348,'Results Input'!R349,'Results Input'!R350,'Results Input'!R351,'Results Input'!R352,'Results Input'!R353),"") | D8: =IFERROR(AVERAGE('Results Input'!R354,'Results Input'!R355,'Results Input'!R356,'Results Input'!R357,'Results Input'!R358,'Results Input'!R359,'Results Input'!R360,'Results Input'!R361,'Results Input'!R362,'Results Input'!R363,'Results Input'!R364,'Results Input'!R365,'Results Input'!R366,'Results Input'!R367,'Results Input'!R368,'Results Input'!R369,'Results Input'!R370,'Results Input'!R371,'Results Input'!R372,'Results Input'!R373,'Results Input'!R374,'Results Input'!R375,'Results Input'!R376,'Results Input'!R377,'Results Input'!R378),"") | E8: =IFERROR(AVERAGE('Results Input'!R379,'Results Input'!R380,'Results Input'!R381,'Results Input'!R382,'Results Input'!R383,'Results Input'!R384,'Results Input'!R385,'Results Input'!R386,'Results Input'!R387,'Results Input'!R388,'Results Input'!R389,'Results Input'!R390,'Results Input'!R391,'Results Input'!R392,'Results Input'!R393,'Results Input'!R394,'Results Input'!R395,'Results Input'!R396,'Results Input'!R397,'Results Input'!R398,'Results Input'!R399,'Results Input'!R400,'Results Input'!R401,'Results Input'!R402,'Results Input'!R403),"") | F8: =IFERROR(AVERAGE(B8:E8),"") | G8: =IFERROR((AVERAGE('Results Input'!N304,'Results Input'!N305,'Results Input'!N306,'Results Input'!N307,'Results Input'!N308,'Results Input'!N309,'Results Input'!N310,'Results Input'!N311,'Results Input'!N312,'Results Input'!N313,'Results Input'!N314,'Results Input'!N315,'Results Input'!N316,'Results Input'!N317,'Results Input'!N318,'Results Input'!N319,'Results Input'!N320,'Results Input'!N321,'Results Input'!N322,'Results Input'!N323,'Results Input'!N324,'Results Input'!N325,'Results Input'!N326,'Results Input'!N327,'Results Input'!N328)+AVERAGE('Results Input'!N329,'Results Input'!N330,'Results Input'!N331,'Results Input'!N332,'Results Input'!N333,'Results Input'!N334,'Results Input'!N335,'Results Input'!N336,'Results Input'!N337,'Results Input'!N338,'Results Input'!N339,'Results Input'!N340,'Results Input'!N341,'Results Input'!N342,'Results Input'!N343,'Results Input'!N344,'Results Input'!N345,'Results Input'!N346,'Results Input'!N347,'Results Input'!N348,'Results Input'!N349,'Results Input'!N350,'Results Input'!N351,'Results Input'!N352,'Results Input'!N353)+AVERAGE('Results Input'!N354,'Results Input'!N355,'Results Input'!N356,'Results Input'!N357,'Results Input'!N358,'Results Input'!N359,'Results Input'!N360,'Results Input'!N361,'Results Input'!N362,'Results Input'!N363,'Results Input'!N364,'Results Input'!N365,'Results Input'!N366,'Results Input'!N367,'Results Input'!N368,'Results Input'!N369,'Results Input'!N370,'Results Input'!N371,'Results Input'!N372,'Results Input'!N373,'Results Input'!N374,'Results Input'!N375,'Results Input'!N376,'Results Input'!N377,'Results Input'!N378)+AVERAGE('Results Input'!N379,'Results Input'!N380,'Results Input'!N381,'Results Input'!N382,'Results Input'!N383,'Results Input'!N384,'Results Input'!N385,'Results Input'!N386,'Results Input'!N387,'Results Input'!N388,'Results Input'!N389,'Results Input'!N390,'Results Input'!N391,'Results Input'!N392,'Results Input'!N393,'Results Input'!N394,'Results Input'!N395,'Results Input'!N396,'Results Input'!N397,'Results Input'!N398,'Results Input'!N399,'Results Input'!N400,'Results Input'!N401,'Results Input'!N402,'Results Input'!N403))/4,"")
A11: How to interpret these metrics
A12: Extractive accuracy | B12: Did the system find and return the exact figure/fact from the filing?
A13: Paraphrased accuracy | B13: Did the system answer correctly even when the question is reworded vs the source text?v( should be the same answer as level 1 extractive question )
A14: Reasoning accuracy | B14: Did the system correctly perform multi-step inference (e.g. compare two segments)?
A15: Hallucination accuracy | B15: Did the system correctly REFUSE when context is insufficient? (expected_decision = REFUSE)
A16: Macro Accuracy | B16: Unweighted mean across all 4 types — treats each type equally regardless of sample size
A17: Macro F1 (Token) | B17: Unweighted mean of per-type token F1 — penalises both missed tokens (recall) and extra tokens (precision)
A20: Evaluating RAG using RAGAS
A21: System | B21: extractive | C21: paraphrased | D21: reasoning | E21: hallucination | F21: Macro Accuracy | G21: Macro F1
A22: Baseline RAG | B22: =IFERROR(AVERAGE('Results Input'!R21,'Results Input'!R22,'Results Input'!R23,'Results Input'!R24,'Results Input'!R25,'Results Input'!R26,'Results Input'!R27,'Results Input'!R28,'Results Input'!R29,'Results Input'!R30,'Results Input'!R31,'Results Input'!R32,'Results Input'!R33,'Results Input'!R34,'Results Input'!R35,'Results Input'!R36,'Results Input'!R37,'Results Input'!R38,'Results Input'!R39,'Results Input'!R40,'Results Input'!R41,'Results Input'!R42,'Results Input'!R43,'Results Input'!R44,'Results Input'!R45),"") | C22: =IFERROR(AVERAGE('Results Input'!R46,'Results Input'!R47,'Results Input'!R48,'Results Input'!R49,'Results Input'!R50,'Results Input'!R51,'Results Input'!R52,'Results Input'!R53,'Results Input'!R54,'Results Input'!R55,'Results Input'!R56,'Results Input'!R57,'Results Input'!R58,'Results Input'!R59,'Results Input'!R60,'Results Input'!R61,'Results Input'!R62,'Results Input'!R63,'Results Input'!R64,'Results Input'!R65,'Results Input'!R66,'Results Input'!R67,'Results Input'!R68,'Results Input'!R69,'Results Input'!R70),"") | D22: =IFERROR(AVERAGE('Results Input'!R71,'Results Input'!R72,'Results Input'!R73,'Results Input'!R74,'Results Input'!R75,'Results Input'!R76,'Results Input'!R77,'Results Input'!R78,'Results Input'!R79,'Results Input'!R80,'Results Input'!R81,'Results Input'!R82,'Results Input'!R83,'Results Input'!R84,'Results Input'!R85,'Results Input'!R86,'Results Input'!R87,'Results Input'!R88,'Results Input'!R89,'Results Input'!R90,'Results Input'!R91,'Results Input'!R92,'Results Input'!R93,'Results Input'!R94,'Results Input'!R95),"") | E22: =IFERROR(AVERAGE('Results Input'!R96,'Results Input'!R97,'Results Input'!R98,'Results Input'!R99,'Results Input'!R100,'Results Input'!R101,'Results Input'!R102,'Results Input'!R103,'Results Input'!R104,'Results Input'!R105,'Results Input'!R106,'Results Input'!R107,'Results Input'!R108,'Results Input'!R109,'Results Input'!R110,'Results Input'!R111,'Results Input'!R112,'Results Input'!R113,'Results Input'!R114,'Results Input'!R115,'Results Input'!R116,'Results Input'!R117,'Results Input'!R118,'Results Input'!R119,'Results Input'!R120),"") | F22: =IFERROR(AVERAGE(B22:E22),"") | G22: =IFERROR((AVERAGE('Results Input'!N21,'Results Input'!N22,'Results Input'!N23,'Results Input'!N24,'Results Input'!N25,'Results Input'!N26,'Results Input'!N27,'Results Input'!N28,'Results Input'!N29,'Results Input'!N30,'Results Input'!N31,'Results Input'!N32,'Results Input'!N33,'Results Input'!N34,'Results Input'!N35,'Results Input'!N36,'Results Input'!N37,'Results Input'!N38,'Results Input'!N39,'Results Input'!N40,'Results Input'!N41,'Results Input'!N42,'Results Input'!N43,'Results Input'!N44,'Results Input'!N45)+AVERAGE('Results Input'!N46,'Results Input'!N47,'Results Input'!N48,'Results Input'!N49,'Results Input'!N50,'Results Input'!N51,'Results Input'!N52,'Results Input'!N53,'Results Input'!N54,'Results Input'!N55,'Results Input'!N56,'Results Input'!N57,'Results Input'!N58,'Results Input'!N59,'Results Input'!N60,'Results Input'!N61,'Results Input'!N62,'Results Input'!N63,'Results Input'!N64,'Results Input'!N65,'Results Input'!N66,'Results Input'!N67,'Results Input'!N68,'Results Input'!N69,'Results Input'!N70)+AVERAGE('Results Input'!N71,'Results Input'!N72,'Results Input'!N73,'Results Input'!N74,'Results Input'!N75,'Results Input'!N76,'Results Input'!N77,'Results Input'!N78,'Results Input'!N79,'Results Input'!N80,'Results Input'!N81,'Results Input'!N82,'Results Input'!N83,'Results Input'!N84,'Results Input'!N85,'Results Input'!N86,'Results Input'!N87,'Results Input'!N88,'Results Input'!N89,'Results Input'!N90,'Results Input'!N91,'Results Input'!N92,'Results Input'!N93,'Results Input'!N94,'Results Input'!N95)+AVERAGE('Results Input'!N96,'Results Input'!N97,'Results Input'!N98,'Results Input'!N99,'Results Input'!N100,'Results Input'!N101,'Results Input'!N102,'Results Input'!N103,'Results Input'!N104,'Results Input'!N105,'Results Input'!N106,'Results Input'!N107,'Results Input'!N108,'Results Input'!N109,'Results Input'!N110,'Results Input'!N111,'Results Input'!N112,'Results Input'!N113,'Results Input'!N114,'Results Input'!N115,'Results Input'!N116,'Results Input'!N117,'Results Input'!N118,'Results Input'!N119,'Results Input'!N120))/4,"")
A23: Adv RAG – Hybrid (BM25+Vector) | B23: =IFERROR(AVERAGE('Results Input'!R121,'Results Input'!R122,'Results Input'!R123,'Results Input'!R124,'Results Input'!R125,'Results Input'!R126,'Results Input'!R127,'Results Input'!R128,'Results Input'!R129,'Results Input'!R130,'Results Input'!R131,'Results Input'!R132,'Results Input'!R133,'Results Input'!R134,'Results Input'!R135,'Results Input'!R136,'Results Input'!R137,'Results Input'!R138,'Results Input'!R139,'Results Input'!R140,'Results Input'!R141,'Results Input'!R142,'Results Input'!R143,'Results Input'!R144,'Results Input'!R145),"") | C23: =IFERROR(AVERAGE('Results Input'!R146,'Results Input'!R147,'Results Input'!R148,'Results Input'!R149,'Results Input'!R150,'Results Input'!R151,'Results Input'!R152,'Results Input'!R153,'Results Input'!R154,'Results Input'!R155,'Results Input'!R156,'Results Input'!R157,'Results Input'!R158,'Results Input'!R159,'Results Input'!R160,'Results Input'!R161,'Results Input'!R162,'Results Input'!R163,'Results Input'!R164,'Results Input'!R165,'Results Input'!R166,'Results Input'!R167,'Results Input'!R168,'Results Input'!R169,'Results Input'!R170),"") | D23: =IFERROR(AVERAGE('Results Input'!R171,'Results Input'!R172,'Results Input'!R173,'Results Input'!R174,'Results Input'!R175,'Results Input'!R176,'Results Input'!R177,'Results Input'!R178,'Results Input'!R179,'Results Input'!R180,'Results Input'!R181,'Results Input'!R182,'Results Input'!R183,'Results Input'!R184,'Results Input'!R185,'Results Input'!R186,'Results Input'!R187,'Results Input'!R188,'Results Input'!R189,'Results Input'!R190,'Results Input'!R191,'Results Input'!R192,'Results Input'!R193,'Results Input'!R194,'Results Input'!R195),"") | E23: =IFERROR(AVERAGE('Results Input'!R196,'Results Input'!R197,'Results Input'!R198,'Results Input'!R199,'Results Input'!R200,'Results Input'!R201,'Results Input'!R202,'Results Input'!R203,'Results Input'!R204,'Results Input'!R205,'Results Input'!R206,'Results Input'!R207,'Results Input'!R208,'Results Input'!R209,'Results Input'!R210,'Results Input'!R211,'Results Input'!R212,'Results Input'!R213,'Results Input'!R214,'Results Input'!R215,'Results Input'!R216,'Results Input'!R217,'Results Input'!R218,'Results Input'!R219,'Results Input'!R220),"") | F23: =IFERROR(AVERAGE(B23:E23),"") | G23: =IFERROR((AVERAGE('Results Input'!N121,'Results Input'!N122,'Results Input'!N123,'Results Input'!N124,'Results Input'!N125,'Results Input'!N126,'Results Input'!N127,'Results Input'!N128,'Results Input'!N129,'Results Input'!N130,'Results Input'!N131,'Results Input'!N132,'Results Input'!N133,'Results Input'!N134,'Results Input'!N135,'Results Input'!N136,'Results Input'!N137,'Results Input'!N138,'Results Input'!N139,'Results Input'!N140,'Results Input'!N141,'Results Input'!N142,'Results Input'!N143,'Results Input'!N144,'Results Input'!N145)+AVERAGE('Results Input'!N146,'Results Input'!N147,'Results Input'!N148,'Results Input'!N149,'Results Input'!N150,'Results Input'!N151,'Results Input'!N152,'Results Input'!N153,'Results Input'!N154,'Results Input'!N155,'Results Input'!N156,'Results Input'!N157,'Results Input'!N158,'Results Input'!N159,'Results Input'!N160,'Results Input'!N161,'Results Input'!N162,'Results Input'!N163,'Results Input'!N164,'Results Input'!N165,'Results Input'!N166,'Results Input'!N167,'Results Input'!N168,'Results Input'!N169,'Results Input'!N170)+AVERAGE('Results Input'!N171,'Results Input'!N172,'Results Input'!N173,'Results Input'!N174,'Results Input'!N175,'Results Input'!N176,'Results Input'!N177,'Results Input'!N178,'Results Input'!N179,'Results Input'!N180,'Results Input'!N181,'Results Input'!N182,'Results Input'!N183,'Results Input'!N184,'Results Input'!N185,'Results Input'!N186,'Results Input'!N187,'Results Input'!N188,'Results Input'!N189,'Results Input'!N190,'Results Input'!N191,'Results Input'!N192,'Results Input'!N193,'Results Input'!N194,'Results Input'!N195)+AVERAGE('Results Input'!N196,'Results Input'!N197,'Results Input'!N198,'Results Input'!N199,'Results Input'!N200,'Results Input'!N201,'Results Input'!N202,'Results Input'!N203,'Results Input'!N204,'Results Input'!N205,'Results Input'!N206,'Results Input'!N207,'Results Input'!N208,'Results Input'!N209,'Results Input'!N210,'Results Input'!N211,'Results Input'!N212,'Results Input'!N213,'Results Input'!N214,'Results Input'!N215,'Results Input'!N216,'Results Input'!N217,'Results Input'!N218,'Results Input'!N219,'Results Input'!N220))/4,"")
A24: Adv RAG +LangGraph | B24: =IFERROR(AVERAGE('Results Input'!R221,'Results Input'!R222,'Results Input'!R223,'Results Input'!R224,'Results Input'!R225,'Results Input'!R226,'Results Input'!R227,'Results Input'!R228,'Results Input'!R229,'Results Input'!R230,'Results Input'!R231,'Results Input'!R232,'Results Input'!R233,'Results Input'!R234,'Results Input'!R235,'Results Input'!R236,'Results Input'!R237,'Results Input'!R238,'Results Input'!R239,'Results Input'!R240,'Results Input'!R241,'Results Input'!R242,'Results Input'!R243,'Results Input'!R244,'Results Input'!R245),"") | C24: =IFERROR(AVERAGE('Results Input'!R246,'Results Input'!R247,'Results Input'!R248,'Results Input'!R249,'Results Input'!R250,'Results Input'!R251,'Results Input'!R252,'Results Input'!R253,'Results Input'!R254,'Results Input'!R255,'Results Input'!R256,'Results Input'!R257,'Results Input'!R258,'Results Input'!R259,'Results Input'!R260,'Results Input'!R261,'Results Input'!R262,'Results Input'!R263,'Results Input'!R264,'Results Input'!R265,'Results Input'!R266,'Results Input'!R267,'Results Input'!R268,'Results Input'!R269,'Results Input'!R270),"") | D24: =IFERROR(AVERAGE('Results Input'!R271,'Results Input'!R272,'Results Input'!R273,'Results Input'!R274,'Results Input'!R275,'Results Input'!R276,'Results Input'!R277,'Results Input'!R278,'Results Input'!R279,'Results Input'!R280,'Results Input'!R281,'Results Input'!R282,'Results Input'!R283,'Results Input'!R284,'Results Input'!R285,'Results Input'!R286,'Results Input'!R287,'Results Input'!R288,'Results Input'!R289,'Results Input'!R290,'Results Input'!R291,'Results Input'!R292,'Results Input'!R293,'Results Input'!R294,'Results Input'!R295),"") | E24: =IFERROR(AVERAGE('Results Input'!R296,'Results Input'!R297,'Results Input'!R298,'Results Input'!R299,'Results Input'!R300,'Results Input'!R301,'Results Input'!R302,'Results Input'!R303,'Results Input'!R304,'Results Input'!R305,'Results Input'!R306,'Results Input'!R307,'Results Input'!R308,'Results Input'!R309,'Results Input'!R310,'Results Input'!R311,'Results Input'!R312,'Results Input'!R313,'Results Input'!R314,'Results Input'!R315,'Results Input'!R316,'Results Input'!R317,'Results Input'!R318,'Results Input'!R319,'Results Input'!R320),"") | F24: =IFERROR(AVERAGE(B24:E24),"") | G24: =IFERROR((AVERAGE('Results Input'!N221,'Results Input'!N222,'Results Input'!N223,'Results Input'!N224,'Results Input'!N225,'Results Input'!N226,'Results Input'!N227,'Results Input'!N228,'Results Input'!N229,'Results Input'!N230,'Results Input'!N231,'Results Input'!N232,'Results Input'!N233,'Results Input'!N234,'Results Input'!N235,'Results Input'!N236,'Results Input'!N237,'Results Input'!N238,'Results Input'!N239,'Results Input'!N240,'Results Input'!N241,'Results Input'!N242,'Results Input'!N243,'Results Input'!N244,'Results Input'!N245)+AVERAGE('Results Input'!N246,'Results Input'!N247,'Results Input'!N248,'Results Input'!N249,'Results Input'!N250,'Results Input'!N251,'Results Input'!N252,'Results Input'!N253,'Results Input'!N254,'Results Input'!N255,'Results Input'!N256,'Results Input'!N257,'Results Input'!N258,'Results Input'!N259,'Results Input'!N260,'Results Input'!N261,'Results Input'!N262,'Results Input'!N263,'Results Input'!N264,'Results Input'!N265,'Results Input'!N266,'Results Input'!N267,'Results Input'!N268,'Results Input'!N269,'Results Input'!N270)+AVERAGE('Results Input'!N271,'Results Input'!N272,'Results Input'!N273,'Results Input'!N274,'Results Input'!N275,'Results Input'!N276,'Results Input'!N277,'Results Input'!N278,'Results Input'!N279,'Results Input'!N280,'Results Input'!N281,'Results Input'!N282,'Results Input'!N283,'Results Input'!N284,'Results Input'!N285,'Results Input'!N286,'Results Input'!N287,'Results Input'!N288,'Results Input'!N289,'Results Input'!N290,'Results Input'!N291,'Results Input'!N292,'Results Input'!N293,'Results Input'!N294,'Results Input'!N295)+AVERAGE('Results Input'!N296,'Results Input'!N297,'Results Input'!N298,'Results Input'!N299,'Results Input'!N300,'Results Input'!N301,'Results Input'!N302,'Results Input'!N303,'Results Input'!N304,'Results Input'!N305,'Results Input'!N306,'Results Input'!N307,'Results Input'!N308,'Results Input'!N309,'Results Input'!N310,'Results Input'!N311,'Results Input'!N312,'Results Input'!N313,'Results Input'!N314,'Results Input'!N315,'Results Input'!N316,'Results Input'!N317,'Results Input'!N318,'Results Input'!N319,'Results Input'!N320))/4,"")
A25: Adv RAG + LlamaIndex | B25: =IFERROR(AVERAGE('Results Input'!R321,'Results Input'!R322,'Results Input'!R323,'Results Input'!R324,'Results Input'!R325,'Results Input'!R326,'Results Input'!R327,'Results Input'!R328,'Results Input'!R329,'Results Input'!R330,'Results Input'!R331,'Results Input'!R332,'Results Input'!R333,'Results Input'!R334,'Results Input'!R335,'Results Input'!R336,'Results Input'!R337,'Results Input'!R338,'Results Input'!R339,'Results Input'!R340,'Results Input'!R341,'Results Input'!R342,'Results Input'!R343,'Results Input'!R344,'Results Input'!R345),"") | C25: =IFERROR(AVERAGE('Results Input'!R346,'Results Input'!R347,'Results Input'!R348,'Results Input'!R349,'Results Input'!R350,'Results Input'!R351,'Results Input'!R352,'Results Input'!R353,'Results Input'!R354,'Results Input'!R355,'Results Input'!R356,'Results Input'!R357,'Results Input'!R358,'Results Input'!R359,'Results Input'!R360,'Results Input'!R361,'Results Input'!R362,'Results Input'!R363,'Results Input'!R364,'Results Input'!R365,'Results Input'!R366,'Results Input'!R367,'Results Input'!R368,'Results Input'!R369,'Results Input'!R370),"") | D25: =IFERROR(AVERAGE('Results Input'!R371,'Results Input'!R372,'Results Input'!R373,'Results Input'!R374,'Results Input'!R375,'Results Input'!R376,'Results Input'!R377,'Results Input'!R378,'Results Input'!R379,'Results Input'!R380,'Results Input'!R381,'Results Input'!R382,'Results Input'!R383,'Results Input'!R384,'Results Input'!R385,'Results Input'!R386,'Results Input'!R387,'Results Input'!R388,'Results Input'!R389,'Results Input'!R390,'Results Input'!R391,'Results Input'!R392,'Results Input'!R393,'Results Input'!R394,'Results Input'!R395),"") | E25: =IFERROR(AVERAGE('Results Input'!R396,'Results Input'!R397,'Results Input'!R398,'Results Input'!R399,'Results Input'!R400,'Results Input'!R401,'Results Input'!R402,'Results Input'!R403,'Results Input'!R404,'Results Input'!R405,'Results Input'!R406,'Results Input'!R407,'Results Input'!R408,'Results Input'!R409,'Results Input'!R410,'Results Input'!R411,'Results Input'!R412,'Results Input'!R413,'Results Input'!R414,'Results Input'!R415,'Results Input'!R416,'Results Input'!R417,'Results Input'!R418,'Results Input'!R419,'Results Input'!R420),"") | F25: =IFERROR(AVERAGE(B25:E25),"") | G25: =IFERROR((AVERAGE('Results Input'!N321,'Results Input'!N322,'Results Input'!N323,'Results Input'!N324,'Results Input'!N325,'Results Input'!N326,'Results Input'!N327,'Results Input'!N328,'Results Input'!N329,'Results Input'!N330,'Results Input'!N331,'Results Input'!N332,'Results Input'!N333,'Results Input'!N334,'Results Input'!N335,'Results Input'!N336,'Results Input'!N337,'Results Input'!N338,'Results Input'!N339,'Results Input'!N340,'Results Input'!N341,'Results Input'!N342,'Results Input'!N343,'Results Input'!N344,'Results Input'!N345)+AVERAGE('Results Input'!N346,'Results Input'!N347,'Results Input'!N348,'Results Input'!N349,'Results Input'!N350,'Results Input'!N351,'Results Input'!N352,'Results Input'!N353,'Results Input'!N354,'Results Input'!N355,'Results Input'!N356,'Results Input'!N357,'Results Input'!N358,'Results Input'!N359,'Results Input'!N360,'Results Input'!N361,'Results Input'!N362,'Results Input'!N363,'Results Input'!N364,'Results Input'!N365,'Results Input'!N366,'Results Input'!N367,'Results Input'!N368,'Results Input'!N369,'Results Input'!N370)+AVERAGE('Results Input'!N371,'Results Input'!N372,'Results Input'!N373,'Results Input'!N374,'Results Input'!N375,'Results Input'!N376,'Results Input'!N377,'Results Input'!N378,'Results Input'!N379,'Results Input'!N380,'Results Input'!N381,'Results Input'!N382,'Results Input'!N383,'Results Input'!N384,'Results Input'!N385,'Results Input'!N386,'Results Input'!N387,'Results Input'!N388,'Results Input'!N389,'Results Input'!N390,'Results Input'!N391,'Results Input'!N392,'Results Input'!N393,'Results Input'!N394,'Results Input'!N395)+AVERAGE('Results Input'!N396,'Results Input'!N397,'Results Input'!N398,'Results Input'!N399,'Results Input'!N400,'Results Input'!N401,'Results Input'!N402,'Results Input'!N403,'Results Input'!N404,'Results Input'!N405,'Results Input'!N406,'Results Input'!N407,'Results Input'!N408,'Results Input'!N409,'Results Input'!N410,'Results Input'!N411,'Results Input'!N412,'Results Input'!N413,'Results Input'!N414,'Results Input'!N415,'Results Input'!N416,'Results Input'!N417,'Results Input'!N418,'Results Input'!N419,'Results Input'!N420))/4,"")

Sheet Metrics Summary
A1: Metrics Summary — Aggregated per System
B2: RETRIEVAL | F2: GENERATION | I2: TOKEN MATCH | L2: AGENTIC | N2: COMPOSITE
A3: System | B3: Precision | C3: Recall | D3: Latency | E3: Relevancy | F3: Faithfulness | G3: Ans Relevancy | H3: Hallucination | I3: F1 (Token) | J3: Precision | K3: Recall (Token) | L3: Task Completion | M3: Accuracy | N3: Composite Score | O3: Rank
A4: Baseline RAG | B4: =IFERROR(AVERAGE('Results Input'!H4:H103),"") | C4: =IFERROR(AVERAGE('Results Input'!I4:I103),"") | E4: =IFERROR(AVERAGE('Results Input'!J4:J103),"") | F4: =IFERROR(AVERAGE('Results Input'!K4:K103),"") | G4: =IFERROR(AVERAGE('Results Input'!L4:L103),"") | H4: =IFERROR(AVERAGE('Results Input'!M4:M103),"") | I4: =IFERROR(AVERAGE('Results Input'!N4:N103),"") | J4: =IFERROR(AVERAGE('Results Input'!O4:O103),"") | K4: =IFERROR(AVERAGE('Results Input'!P4:P103),"") | L4: =IFERROR(AVERAGE('Results Input'!Q4:Q103),"") | M4: =IFERROR(AVERAGE('Results Input'!R4:R103),"")
A5: Adv RAG – Hybrid (BM25+Vector) | B5: =IFERROR(AVERAGE('Results Input'!H104:H203),"") | C5: =IFERROR(AVERAGE('Results Input'!I104:I203),"") | E5: =IFERROR(AVERAGE('Results Input'!J104:J203),"") | F5: =IFERROR(AVERAGE('Results Input'!K104:K203),"") | G5: =IFERROR(AVERAGE('Results Input'!L104:L203),"") | H5: =IFERROR(AVERAGE('Results Input'!M104:M203),"") | I5: =IFERROR(AVERAGE('Results Input'!N104:N203),"") | J5: =IFERROR(AVERAGE('Results Input'!O104:O203),"") | K5: =IFERROR(AVERAGE('Results Input'!P104:P203),"") | L5: =IFERROR(AVERAGE('Results Input'!Q104:Q203),"") | M5: =IFERROR(AVERAGE('Results Input'!R104:R203),"")
A6: Adv RAG +LangGraph | B6: =IFERROR(AVERAGE('Results Input'!H204:H303),"") | C6: =IFERROR(AVERAGE('Results Input'!I204:I303),"") | E6: =IFERROR(AVERAGE('Results Input'!J204:J303),"") | F6: =IFERROR(AVERAGE('Results Input'!K204:K303),"") | G6: =IFERROR(AVERAGE('Results Input'!L204:L303),"") | H6: =IFERROR(AVERAGE('Results Input'!M204:M303),"") | I6: =IFERROR(AVERAGE('Results Input'!N204:N303),"") | J6: =IFERROR(AVERAGE('Results Input'!O204:O303),"") | K6: =IFERROR(AVERAGE('Results Input'!P204:P303),"") | L6: =IFERROR(AVERAGE('Results Input'!Q204:Q303),"") | M6: =IFERROR(AVERAGE('Results Input'!R204:R303),"")
A7: Adv RAG + LlamaIndex | B7: =IFERROR(AVERAGE('Results Input'!H304:H403),"") | C7: =IFERROR(AVERAGE('Results Input'!I304:I403),"") | E7: =IFERROR(AVERAGE('Results Input'!J304:J403),"") | F7: =IFERROR(AVERAGE('Results Input'!K304:K403),"") | G7: =IFERROR(AVERAGE('Results Input'!L304:L403),"") | H7: =IFERROR(AVERAGE('Results Input'!M304:M403),"") | I7: =IFERROR(AVERAGE('Results Input'!N304:N403),"") | J7: =IFERROR(AVERAGE('Results Input'!O304:O403),"") | K7: =IFERROR(AVERAGE('Results Input'!P304:P403),"") | L7: =IFERROR(AVERAGE('Results Input'!Q304:Q403),"") | M7: =IFERROR(AVERAGE('Results Input'!R304:R403),"")
B8: =IFERROR(AVERAGE('Results Input'!H404:H503),"") | C8: =IFERROR(AVERAGE('Results Input'!I404:I503),"") | E8: =IFERROR(AVERAGE('Results Input'!J404:J503),"") | F8: =IFERROR(AVERAGE('Results Input'!K404:K503),"") | G8: =IFERROR(AVERAGE('Results Input'!L404:L503),"") | H8: =IFERROR(AVERAGE('Results Input'!M404:M503),"") | I8: =IFERROR(AVERAGE('Results Input'!N404:N503),"") | J8: =IFERROR(AVERAGE('Results Input'!O404:O503),"") | K8: =IFERROR(AVERAGE('Results Input'!P404:P503),"") | L8: =IFERROR(AVERAGE('Results Input'!Q404:Q503),"") | M8: =IFERROR(AVERAGE('Results Input'!R404:R503),"")

Sheet By Question Type
A1: Performance Breakdown by Question Type | Extractive · Paraphrased · Reasoning · Hallucination
A2: Each cell = AVERAGE of that metric for that system × question type. Fill Results Input first. Hallucination type = REFUSE questions — Task Completion = correct refusal rate.
A3: EXTRACTIVE (25 questions — form 10-K & 10-Q)
A4: System | B4: Faithfulness | C4: Ans Relevancy | D4: Hallucination↓ | E4: F1 Token | F4: Task Completion | G4: Accuracy
A5: Baseline RAG | B5: =IFERROR(AVERAGE('Results Input'!K4,'Results Input'!K5,'Results Input'!K6,'Results Input'!K7,'Results Input'!K8,'Results Input'!K9,'Results Input'!K10,'Results Input'!K11,'Results Input'!K12,'Results Input'!K13,'Results Input'!K14,'Results Input'!K15,'Results Input'!K16,'Results Input'!K17,'Results Input'!K18,'Results Input'!K19,'Results Input'!K20,'Results Input'!K21,'Results Input'!K22,'Results Input'!K23,'Results Input'!K24,'Results Input'!K25,'Results Input'!K26,'Results Input'!K27,'Results Input'!K28),"") | C5: =IFERROR(AVERAGE('Results Input'!L4,'Results Input'!L5,'Results Input'!L6,'Results Input'!L7,'Results Input'!L8,'Results Input'!L9,'Results Input'!L10,'Results Input'!L11,'Results Input'!L12,'Results Input'!L13,'Results Input'!L14,'Results Input'!L15,'Results Input'!L16,'Results Input'!L17,'Results Input'!L18,'Results Input'!L19,'Results Input'!L20,'Results Input'!L21,'Results Input'!L22,'Results Input'!L23,'Results Input'!L24,'Results Input'!L25,'Results Input'!L26,'Results Input'!L27,'Results Input'!L28),"") | D5: =IFERROR(AVERAGE('Results Input'!M4,'Results Input'!M5,'Results Input'!M6,'Results Input'!M7,'Results Input'!M8,'Results Input'!M9,'Results Input'!M10,'Results Input'!M11,'Results Input'!M12,'Results Input'!M13,'Results Input'!M14,'Results Input'!M15,'Results Input'!M16,'Results Input'!M17,'Results Input'!M18,'Results Input'!M19,'Results Input'!M20,'Results Input'!M21,'Results Input'!M22,'Results Input'!M23,'Results Input'!M24,'Results Input'!M25,'Results Input'!M26,'Results Input'!M27,'Results Input'!M28),"") | E5: =IFERROR(AVERAGE('Results Input'!N4,'Results Input'!N5,'Results Input'!N6,'Results Input'!N7,'Results Input'!N8,'Results Input'!N9,'Results Input'!N10,'Results Input'!N11,'Results Input'!N12,'Results Input'!N13,'Results Input'!N14,'Results Input'!N15,'Results Input'!N16,'Results Input'!N17,'Results Input'!N18,'Results Input'!N19,'Results Input'!N20,'Results Input'!N21,'Results Input'!N22,'Results Input'!N23,'Results Input'!N24,'Results Input'!N25,'Results Input'!N26,'Results Input'!N27,'Results Input'!N28),"") | F5: =IFERROR(AVERAGE('Results Input'!Q4,'Results Input'!Q5,'Results Input'!Q6,'Results Input'!Q7,'Results Input'!Q8,'Results Input'!Q9,'Results Input'!Q10,'Results Input'!Q11,'Results Input'!Q12,'Results Input'!Q13,'Results Input'!Q14,'Results Input'!Q15,'Results Input'!Q16,'Results Input'!Q17,'Results Input'!Q18,'Results Input'!Q19,'Results Input'!Q20,'Results Input'!Q21,'Results Input'!Q22,'Results Input'!Q23,'Results Input'!Q24,'Results Input'!Q25,'Results Input'!Q26,'Results Input'!Q27,'Results Input'!Q28),"") | G5: =IFERROR(AVERAGE('Results Input'!R4,'Results Input'!R5,'Results Input'!R6,'Results Input'!R7,'Results Input'!R8,'Results Input'!R9,'Results Input'!R10,'Results Input'!R11,'Results Input'!R12,'Results Input'!R13,'Results Input'!R14,'Results Input'!R15,'Results Input'!R16,'Results Input'!R17,'Results Input'!R18,'Results Input'!R19,'Results Input'!R20,'Results Input'!R21,'Results Input'!R22,'Results Input'!R23,'Results Input'!R24,'Results Input'!R25,'Results Input'!R26,'Results Input'!R27,'Results Input'!R28),"")
A6: Adv RAG – Hybrid (BM25+Vector) | B6: =IFERROR(AVERAGE('Results Input'!K104,'Results Input'!K105,'Results Input'!K106,'Results Input'!K107,'Results Input'!K108,'Results Input'!K109,'Results Input'!K110,'Results Input'!K111,'Results Input'!K112,'Results Input'!K113,'Results Input'!K114,'Results Input'!K115,'Results Input'!K116,'Results Input'!K117,'Results Input'!K118,'Results Input'!K119,'Results Input'!K120,'Results Input'!K121,'Results Input'!K122,'Results Input'!K123,'Results Input'!K124,'Results Input'!K125,'Results Input'!K126,'Results Input'!K127,'Results Input'!K128),"") | C6: =IFERROR(AVERAGE('Results Input'!L104,'Results Input'!L105,'Results Input'!L106,'Results Input'!L107,'Results Input'!L108,'Results Input'!L109,'Results Input'!L110,'Results Input'!L111,'Results Input'!L112,'Results Input'!L113,'Results Input'!L114,'Results Input'!L115,'Results Input'!L116,'Results Input'!L117,'Results Input'!L118,'Results Input'!L119,'Results Input'!L120,'Results Input'!L121,'Results Input'!L122,'Results Input'!L123,'Results Input'!L124,'Results Input'!L125,'Results Input'!L126,'Results Input'!L127,'Results Input'!L128),"") | D6: =IFERROR(AVERAGE('Results Input'!M104,'Results Input'!M105,'Results Input'!M106,'Results Input'!M107,'Results Input'!M108,'Results Input'!M109,'Results Input'!M110,'Results Input'!M111,'Results Input'!M112,'Results Input'!M113,'Results Input'!M114,'Results Input'!M115,'Results Input'!M116,'Results Input'!M117,'Results Input'!M118,'Results Input'!M119,'Results Input'!M120,'Results Input'!M121,'Results Input'!M122,'Results Input'!M123,'Results Input'!M124,'Results Input'!M125,'Results Input'!M126,'Results Input'!M127,'Results Input'!M128),"") | E6: =IFERROR(AVERAGE('Results Input'!N104,'Results Input'!N105,'Results Input'!N106,'Results Input'!N107,'Results Input'!N108,'Results Input'!N109,'Results Input'!N110,'Results Input'!N111,'Results Input'!N112,'Results Input'!N113,'Results Input'!N114,'Results Input'!N115,'Results Input'!N116,'Results Input'!N117,'Results Input'!N118,'Results Input'!N119,'Results Input'!N120,'Results Input'!N121,'Results Input'!N122,'Results Input'!N123,'Results Input'!N124,'Results Input'!N125,'Results Input'!N126,'Results Input'!N127,'Results Input'!N128),"") | F6: =IFERROR(AVERAGE('Results Input'!Q104,'Results Input'!Q105,'Results Input'!Q106,'Results Input'!Q107,'Results Input'!Q108,'Results Input'!Q109,'Results Input'!Q110,'Results Input'!Q111,'Results Input'!Q112,'Results Input'!Q113,'Results Input'!Q114,'Results Input'!Q115,'Results Input'!Q116,'Results Input'!Q117,'Results Input'!Q118,'Results Input'!Q119,'Results Input'!Q120,'Results Input'!Q121,'Results Input'!Q122,'Results Input'!Q123,'Results Input'!Q124,'Results Input'!Q125,'Results Input'!Q126,'Results Input'!Q127,'Results Input'!Q128),"") | G6: =IFERROR(AVERAGE('Results Input'!R104,'Results Input'!R105,'Results Input'!R106,'Results Input'!R107,'Results Input'!R108,'Results Input'!R109,'Results Input'!R110,'Results Input'!R111,'Results Input'!R112,'Results Input'!R113,'Results Input'!R114,'Results Input'!R115,'Results Input'!R116,'Results Input'!R117,'Results Input'!R118,'Results Input'!R119,'Results Input'!R120,'Results Input'!R121,'Results Input'!R122,'Results Input'!R123,'Results Input'!R124,'Results Input'!R125,'Results Input'!R126,'Results Input'!R127,'Results Input'!R128),"")
A7: Adv RAG +LangGraph | B7: =IFERROR(AVERAGE('Results Input'!K204,'Results Input'!K205,'Results Input'!K206,'Results Input'!K207,'Results Input'!K208,'Results Input'!K209,'Results Input'!K210,'Results Input'!K211,'Results Input'!K212,'Results Input'!K213,'Results Input'!K214,'Results Input'!K215,'Results Input'!K216,'Results Input'!K217,'Results Input'!K218,'Results Input'!K219,'Results Input'!K220,'Results Input'!K221,'Results Input'!K222,'Results Input'!K223,'Results Input'!K224,'Results Input'!K225,'Results Input'!K226,'Results Input'!K227,'Results Input'!K228),"") | C7: =IFERROR(AVERAGE('Results Input'!L204,'Results Input'!L205,'Results Input'!L206,'Results Input'!L207,'Results Input'!L208,'Results Input'!L209,'Results Input'!L210,'Results Input'!L211,'Results Input'!L212,'Results Input'!L213,'Results Input'!L214,'Results Input'!L215,'Results Input'!L216,'Results Input'!L217,'Results Input'!L218,'Results Input'!L219,'Results Input'!L220,'Results Input'!L221,'Results Input'!L222,'Results Input'!L223,'Results Input'!L224,'Results Input'!L225,'Results Input'!L226,'Results Input'!L227,'Results Input'!L228),"") | D7: =IFERROR(AVERAGE('Results Input'!M204,'Results Input'!M205,'Results Input'!M206,'Results Input'!M207,'Results Input'!M208,'Results Input'!M209,'Results Input'!M210,'Results Input'!M211,'Results Input'!M212,'Results Input'!M213,'Results Input'!M214,'Results Input'!M215,'Results Input'!M216,'Results Input'!M217,'Results Input'!M218,'Results Input'!M219,'Results Input'!M220,'Results Input'!M221,'Results Input'!M222,'Results Input'!M223,'Results Input'!M224,'Results Input'!M225,'Results Input'!M226,'Results Input'!M227,'Results Input'!M228),"") | E7: =IFERROR(AVERAGE('Results Input'!N204,'Results Input'!N205,'Results Input'!N206,'Results Input'!N207,'Results Input'!N208,'Results Input'!N209,'Results Input'!N210,'Results Input'!N211,'Results Input'!N212,'Results Input'!N213,'Results Input'!N214,'Results Input'!N215,'Results Input'!N216,'Results Input'!N217,'Results Input'!N218,'Results Input'!N219,'Results Input'!N220,'Results Input'!N221,'Results Input'!N222,'Results Input'!N223,'Results Input'!N224,'Results Input'!N225,'Results Input'!N226,'Results Input'!N227,'Results Input'!N228),"") | F7: =IFERROR(AVERAGE('Results Input'!Q204,'Results Input'!Q205,'Results Input'!Q206,'Results Input'!Q207,'Results Input'!Q208,'Results Input'!Q209,'Results Input'!Q210,'Results Input'!Q211,'Results Input'!Q212,'Results Input'!Q213,'Results Input'!Q214,'Results Input'!Q215,'Results Input'!Q216,'Results Input'!Q217,'Results Input'!Q218,'Results Input'!Q219,'Results Input'!Q220,'Results Input'!Q221,'Results Input'!Q222,'Results Input'!Q223,'Results Input'!Q224,'Results Input'!Q225,'Results Input'!Q226,'Results Input'!Q227,'Results Input'!Q228),"") | G7: =IFERROR(AVERAGE('Results Input'!R204,'Results Input'!R205,'Results Input'!R206,'Results Input'!R207,'Results Input'!R208,'Results Input'!R209,'Results Input'!R210,'Results Input'!R211,'Results Input'!R212,'Results Input'!R213,'Results Input'!R214,'Results Input'!R215,'Results Input'!R216,'Results Input'!R217,'Results Input'!R218,'Results Input'!R219,'Results Input'!R220,'Results Input'!R221,'Results Input'!R222,'Results Input'!R223,'Results Input'!R224,'Results Input'!R225,'Results Input'!R226,'Results Input'!R227,'Results Input'!R228),"")
A8: Adv RAG + LlamaIndex | B8: =IFERROR(AVERAGE('Results Input'!K304,'Results Input'!K305,'Results Input'!K306,'Results Input'!K307,'Results Input'!K308,'Results Input'!K309,'Results Input'!K310,'Results Input'!K311,'Results Input'!K312,'Results Input'!K313,'Results Input'!K314,'Results Input'!K315,'Results Input'!K316,'Results Input'!K317,'Results Input'!K318,'Results Input'!K319,'Results Input'!K320,'Results Input'!K321,'Results Input'!K322,'Results Input'!K323,'Results Input'!K324,'Results Input'!K325,'Results Input'!K326,'Results Input'!K327,'Results Input'!K328),"") | C8: =IFERROR(AVERAGE('Results Input'!L304,'Results Input'!L305,'Results Input'!L306,'Results Input'!L307,'Results Input'!L308,'Results Input'!L309,'Results Input'!L310,'Results Input'!L311,'Results Input'!L312,'Results Input'!L313,'Results Input'!L314,'Results Input'!L315,'Results Input'!L316,'Results Input'!L317,'Results Input'!L318,'Results Input'!L319,'Results Input'!L320,'Results Input'!L321,'Results Input'!L322,'Results Input'!L323,'Results Input'!L324,'Results Input'!L325,'Results Input'!L326,'Results Input'!L327,'Results Input'!L328),"") | D8: =IFERROR(AVERAGE('Results Input'!M304,'Results Input'!M305,'Results Input'!M306,'Results Input'!M307,'Results Input'!M308,'Results Input'!M309,'Results Input'!M310,'Results Input'!M311,'Results Input'!M312,'Results Input'!M313,'Results Input'!M314,'Results Input'!M315,'Results Input'!M316,'Results Input'!M317,'Results Input'!M318,'Results Input'!M319,'Results Input'!M320,'Results Input'!M321,'Results Input'!M322,'Results Input'!M323,'Results Input'!M324,'Results Input'!M325,'Results Input'!M326,'Results Input'!M327,'Results Input'!M328),"") | E8: =IFERROR(AVERAGE('Results Input'!N304,'Results Input'!N305,'Results Input'!N306,'Results Input'!N307,'Results Input'!N308,'Results Input'!N309,'Results Input'!N310,'Results Input'!N311,'Results Input'!N312,'Results Input'!N313,'Results Input'!N314,'Results Input'!N315,'Results Input'!N316,'Results Input'!N317,'Results Input'!N318,'Results Input'!N319,'Results Input'!N320,'Results Input'!N321,'Results Input'!N322,'Results Input'!N323,'Results Input'!N324,'Results Input'!N325,'Results Input'!N326,'Results Input'!N327,'Results Input'!N328),"") | F8: =IFERROR(AVERAGE('Results Input'!Q304,'Results Input'!Q305,'Results Input'!Q306,'Results Input'!Q307,'Results Input'!Q308,'Results Input'!Q309,'Results Input'!Q310,'Results Input'!Q311,'Results Input'!Q312,'Results Input'!Q313,'Results Input'!Q314,'Results Input'!Q315,'Results Input'!Q316,'Results Input'!Q317,'Results Input'!Q318,'Results Input'!Q319,'Results Input'!Q320,'Results Input'!Q321,'Results Input'!Q322,'Results Input'!Q323,'Results Input'!Q324,'Results Input'!Q325,'Results Input'!Q326,'Results Input'!Q327,'Results Input'!Q328),"") | G8: =IFERROR(AVERAGE('Results Input'!R304,'Results Input'!R305,'Results Input'!R306,'Results Input'!R307,'Results Input'!R308,'Results Input'!R309,'Results Input'!R310,'Results Input'!R311,'Results Input'!R312,'Results Input'!R313,'Results Input'!R314,'Results Input'!R315,'Results Input'!R316,'Results Input'!R317,'Results Input'!R318,'Results Input'!R319,'Results Input'!R320,'Results Input'!R321,'Results Input'!R322,'Results Input'!R323,'Results Input'!R324,'Results Input'!R325,'Results Input'!R326,'Results Input'!R327,'Results Input'!R328),"")
A10: PARAPHRASED (25 questions — form 10-K & 10-Q)
A11: System | B11: Faithfulness | C11: Ans Relevancy | D11: Hallucination↓ | E11: F1 Token | F11: Task Completion | G11: Accuracy
A12: Baseline RAG | B12: =IFERROR(AVERAGE('Results Input'!K29,'Results Input'!K30,'Results Input'!K31,'Results Input'!K32,'Results Input'!K33,'Results Input'!K34,'Results Input'!K35,'Results Input'!K36,'Results Input'!K37,'Results Input'!K38,'Results Input'!K39,'Results Input'!K40,'Results Input'!K41,'Results Input'!K42,'Results Input'!K43,'Results Input'!K44,'Results Input'!K45,'Results Input'!K46,'Results Input'!K47,'Results Input'!K48,'Results Input'!K49,'Results Input'!K50,'Results Input'!K51,'Results Input'!K52,'Results Input'!K53),"") | C12: =IFERROR(AVERAGE('Results Input'!L29,'Results Input'!L30,'Results Input'!L31,'Results Input'!L32,'Results Input'!L33,'Results Input'!L34,'Results Input'!L35,'Results Input'!L36,'Results Input'!L37,'Results Input'!L38,'Results Input'!L39,'Results Input'!L40,'Results Input'!L41,'Results Input'!L42,'Results Input'!L43,'Results Input'!L44,'Results Input'!L45,'Results Input'!L46,'Results Input'!L47,'Results Input'!L48,'Results Input'!L49,'Results Input'!L50,'Results Input'!L51,'Results Input'!L52,'Results Input'!L53),"") | D12: =IFERROR(AVERAGE('Results Input'!M29,'Results Input'!M30,'Results Input'!M31,'Results Input'!M32,'Results Input'!M33,'Results Input'!M34,'Results Input'!M35,'Results Input'!M36,'Results Input'!M37,'Results Input'!M38,'Results Input'!M39,'Results Input'!M40,'Results Input'!M41,'Results Input'!M42,'Results Input'!M43,'Results Input'!M44,'Results Input'!M45,'Results Input'!M46,'Results Input'!M47,'Results Input'!M48,'Results Input'!M49,'Results Input'!M50,'Results Input'!M51,'Results Input'!M52,'Results Input'!M53),"") | E12: =IFERROR(AVERAGE('Results Input'!N29,'Results Input'!N30,'Results Input'!N31,'Results Input'!N32,'Results Input'!N33,'Results Input'!N34,'Results Input'!N35,'Results Input'!N36,'Results Input'!N37,'Results Input'!N38,'Results Input'!N39,'Results Input'!N40,'Results Input'!N41,'Results Input'!N42,'Results Input'!N43,'Results Input'!N44,'Results Input'!N45,'Results Input'!N46,'Results Input'!N47,'Results Input'!N48,'Results Input'!N49,'Results Input'!N50,'Results Input'!N51,'Results Input'!N52,'Results Input'!N53),"") | F12: =IFERROR(AVERAGE('Results Input'!Q29,'Results Input'!Q30,'Results Input'!Q31,'Results Input'!Q32,'Results Input'!Q33,'Results Input'!Q34,'Results Input'!Q35,'Results Input'!Q36,'Results Input'!Q37,'Results Input'!Q38,'Results Input'!Q39,'Results Input'!Q40,'Results Input'!Q41,'Results Input'!Q42,'Results Input'!Q43,'Results Input'!Q44,'Results Input'!Q45,'Results Input'!Q46,'Results Input'!Q47,'Results Input'!Q48,'Results Input'!Q49,'Results Input'!Q50,'Results Input'!Q51,'Results Input'!Q52,'Results Input'!Q53),"") | G12: =IFERROR(AVERAGE('Results Input'!R29,'Results Input'!R30,'Results Input'!R31,'Results Input'!R32,'Results Input'!R33,'Results Input'!R34,'Results Input'!R35,'Results Input'!R36,'Results Input'!R37,'Results Input'!R38,'Results Input'!R39,'Results Input'!R40,'Results Input'!R41,'Results Input'!R42,'Results Input'!R43,'Results Input'!R44,'Results Input'!R45,'Results Input'!R46,'Results Input'!R47,'Results Input'!R48,'Results Input'!R49,'Results Input'!R50,'Results Input'!R51,'Results Input'!R52,'Results Input'!R53),"")
A13: Adv RAG – Hybrid (BM25+Vector) | B13: =IFERROR(AVERAGE('Results Input'!K129,'Results Input'!K130,'Results Input'!K131,'Results Input'!K132,'Results Input'!K133,'Results Input'!K134,'Results Input'!K135,'Results Input'!K136,'Results Input'!K137,'Results Input'!K138,'Results Input'!K139,'Results Input'!K140,'Results Input'!K141,'Results Input'!K142,'Results Input'!K143,'Results Input'!K144,'Results Input'!K145,'Results Input'!K146,'Results Input'!K147,'Results Input'!K148,'Results Input'!K149,'Results Input'!K150,'Results Input'!K151,'Results Input'!K152,'Results Input'!K153),"") | C13: =IFERROR(AVERAGE('Results Input'!L129,'Results Input'!L130,'Results Input'!L131,'Results Input'!L132,'Results Input'!L133,'Results Input'!L134,'Results Input'!L135,'Results Input'!L136,'Results Input'!L137,'Results Input'!L138,'Results Input'!L139,'Results Input'!L140,'Results Input'!L141,'Results Input'!L142,'Results Input'!L143,'Results Input'!L144,'Results Input'!L145,'Results Input'!L146,'Results Input'!L147,'Results Input'!L148,'Results Input'!L149,'Results Input'!L150,'Results Input'!L151,'Results Input'!L152,'Results Input'!L153),"") | D13: =IFERROR(AVERAGE('Results Input'!M129,'Results Input'!M130,'Results Input'!M131,'Results Input'!M132,'Results Input'!M133,'Results Input'!M134,'Results Input'!M135,'Results Input'!M136,'Results Input'!M137,'Results Input'!M138,'Results Input'!M139,'Results Input'!M140,'Results Input'!M141,'Results Input'!M142,'Results Input'!M143,'Results Input'!M144,'Results Input'!M145,'Results Input'!M146,'Results Input'!M147,'Results Input'!M148,'Results Input'!M149,'Results Input'!M150,'Results Input'!M151,'Results Input'!M152,'Results Input'!M153),"") | E13: =IFERROR(AVERAGE('Results Input'!N129,'Results Input'!N130,'Results Input'!N131,'Results Input'!N132,'Results Input'!N133,'Results Input'!N134,'Results Input'!N135,'Results Input'!N136,'Results Input'!N137,'Results Input'!N138,'Results Input'!N139,'Results Input'!N140,'Results Input'!N141,'Results Input'!N142,'Results Input'!N143,'Results Input'!N144,'Results Input'!N145,'Results Input'!N146,'Results Input'!N147,'Results Input'!N148,'Results Input'!N149,'Results Input'!N150,'Results Input'!N151,'Results Input'!N152,'Results Input'!N153),"") | F13: =IFERROR(AVERAGE('Results Input'!Q129,'Results Input'!Q130,'Results Input'!Q131,'Results Input'!Q132,'Results Input'!Q133,'Results Input'!Q134,'Results Input'!Q135,'Results Input'!Q136,'Results Input'!Q137,'Results Input'!Q138,'Results Input'!Q139,'Results Input'!Q140,'Results Input'!Q141,'Results Input'!Q142,'Results Input'!Q143,'Results Input'!Q144,'Results Input'!Q145,'Results Input'!Q146,'Results Input'!Q147,'Results Input'!Q148,'Results Input'!Q149,'Results Input'!Q150,'Results Input'!Q151,'Results Input'!Q152,'Results Input'!Q153),"") | G13: =IFERROR(AVERAGE('Results Input'!R129,'Results Input'!R130,'Results Input'!R131,'Results Input'!R132,'Results Input'!R133,'Results Input'!R134,'Results Input'!R135,'Results Input'!R136,'Results Input'!R137,'Results Input'!R138,'Results Input'!R139,'Results Input'!R140,'Results Input'!R141,'Results Input'!R142,'Results Input'!R143,'Results Input'!R144,'Results Input'!R145,'Results Input'!R146,'Results Input'!R147,'Results Input'!R148,'Results Input'!R149,'Results Input'!R150,'Results Input'!R151,'Results Input'!R152,'Results Input'!R153),"")
A14: Adv RAG +LangGraph | B14: =IFERROR(AVERAGE('Results Input'!K229,'Results Input'!K230,'Results Input'!K231,'Results Input'!K232,'Results Input'!K233,'Results Input'!K234,'Results Input'!K235,'Results Input'!K236,'Results Input'!K237,'Results Input'!K238,'Results Input'!K239,'Results Input'!K240,'Results Input'!K241,'Results Input'!K242,'Results Input'!K243,'Results Input'!K244,'Results Input'!K245,'Results Input'!K246,'Results Input'!K247,'Results Input'!K248,'Results Input'!K249,'Results Input'!K250,'Results Input'!K251,'Results Input'!K252,'Results Input'!K253),"") | C14: =IFERROR(AVERAGE('Results Input'!L229,'Results Input'!L230,'Results Input'!L231,'Results Input'!L232,'Results Input'!L233,'Results Input'!L234,'Results Input'!L235,'Results Input'!L236,'Results Input'!L237,'Results Input'!L238,'Results Input'!L239,'Results Input'!L240,'Results Input'!L241,'Results Input'!L242,'Results Input'!L243,'Results Input'!L244,'Results Input'!L245,'Results Input'!L246,'Results Input'!L247,'Results Input'!L248,'Results Input'!L249,'Results Input'!L250,'Results Input'!L251,'Results Input'!L252,'Results Input'!L253),"") | D14: =IFERROR(AVERAGE('Results Input'!M229,'Results Input'!M230,'Results Input'!M231,'Results Input'!M232,'Results Input'!M233,'Results Input'!M234,'Results Input'!M235,'Results Input'!M236,'Results Input'!M237,'Results Input'!M238,'Results Input'!M239,'Results Input'!M240,'Results Input'!M241,'Results Input'!M242,'Results Input'!M243,'Results Input'!M244,'Results Input'!M245,'Results Input'!M246,'Results Input'!M247,'Results Input'!M248,'Results Input'!M249,'Results Input'!M250,'Results Input'!M251,'Results Input'!M252,'Results Input'!M253),"") | E14: =IFERROR(AVERAGE('Results Input'!N229,'Results Input'!N230,'Results Input'!N231,'Results Input'!N232,'Results Input'!N233,'Results Input'!N234,'Results Input'!N235,'Results Input'!N236,'Results Input'!N237,'Results Input'!N238,'Results Input'!N239,'Results Input'!N240,'Results Input'!N241,'Results Input'!N242,'Results Input'!N243,'Results Input'!N244,'Results Input'!N245,'Results Input'!N246,'Results Input'!N247,'Results Input'!N248,'Results Input'!N249,'Results Input'!N250,'Results Input'!N251,'Results Input'!N252,'Results Input'!N253),"") | F14: =IFERROR(AVERAGE('Results Input'!Q229,'Results Input'!Q230,'Results Input'!Q231,'Results Input'!Q232,'Results Input'!Q233,'Results Input'!Q234,'Results Input'!Q235,'Results Input'!Q236,'Results Input'!Q237,'Results Input'!Q238,'Results Input'!Q239,'Results Input'!Q240,'Results Input'!Q241,'Results Input'!Q242,'Results Input'!Q243,'Results Input'!Q244,'Results Input'!Q245,'Results Input'!Q246,'Results Input'!Q247,'Results Input'!Q248,'Results Input'!Q249,'Results Input'!Q250,'Results Input'!Q251,'Results Input'!Q252,'Results Input'!Q253),"") | G14: =IFERROR(AVERAGE('Results Input'!R229,'Results Input'!R230,'Results Input'!R231,'Results Input'!R232,'Results Input'!R233,'Results Input'!R234,'Results Input'!R235,'Results Input'!R236,'Results Input'!R237,'Results Input'!R238,'Results Input'!R239,'Results Input'!R240,'Results Input'!R241,'Results Input'!R242,'Results Input'!R243,'Results Input'!R244,'Results Input'!R245,'Results Input'!R246,'Results Input'!R247,'Results Input'!R248,'Results Input'!R249,'Results Input'!R250,'Results Input'!R251,'Results Input'!R252,'Results Input'!R253),"")
A15: Adv RAG + LlamaIndex | B15: =IFERROR(AVERAGE('Results Input'!K329,'Results Input'!K330,'Results Input'!K331,'Results Input'!K332,'Results Input'!K333,'Results Input'!K334,'Results Input'!K335,'Results Input'!K336,'Results Input'!K337,'Results Input'!K338,'Results Input'!K339,'Results Input'!K340,'Results Input'!K341,'Results Input'!K342,'Results Input'!K343,'Results Input'!K344,'Results Input'!K345,'Results Input'!K346,'Results Input'!K347,'Results Input'!K348,'Results Input'!K349,'Results Input'!K350,'Results Input'!K351,'Results Input'!K352,'Results Input'!K353),"") | C15: =IFERROR(AVERAGE('Results Input'!L329,'Results Input'!L330,'Results Input'!L331,'Results Input'!L332,'Results Input'!L333,'Results Input'!L334,'Results Input'!L335,'Results Input'!L336,'Results Input'!L337,'Results Input'!L338,'Results Input'!L339,'Results Input'!L340,'Results Input'!L341,'Results Input'!L342,'Results Input'!L343,'Results Input'!L344,'Results Input'!L345,'Results Input'!L346,'Results Input'!L347,'Results Input'!L348,'Results Input'!L349,'Results Input'!L350,'Results Input'!L351,'Results Input'!L352,'Results Input'!L353),"") | D15: =IFERROR(AVERAGE('Results Input'!M329,'Results Input'!M330,'Results Input'!M331,'Results Input'!M332,'Results Input'!M333,'Results Input'!M334,'Results Input'!M335,'Results Input'!M336,'Results Input'!M337,'Results Input'!M338,'Results Input'!M339,'Results Input'!M340,'Results Input'!M341,'Results Input'!M342,'Results Input'!M343,'Results Input'!M344,'Results Input'!M345,'Results Input'!M346,'Results Input'!M347,'Results Input'!M348,'Results Input'!M349,'Results Input'!M350,'Results Input'!M351,'Results Input'!M352,'Results Input'!M353),"") | E15: =IFERROR(AVERAGE('Results Input'!N329,'Results Input'!N330,'Results Input'!N331,'Results Input'!N332,'Results Input'!N333,'Results Input'!N334,'Results Input'!N335,'Results Input'!N336,'Results Input'!N337,'Results Input'!N338,'Results Input'!N339,'Results Input'!N340,'Results Input'!N341,'Results Input'!N342,'Results Input'!N343,'Results Input'!N344,'Results Input'!N345,'Results Input'!N346,'Results Input'!N347,'Results Input'!N348,'Results Input'!N349,'Results Input'!N350,'Results Input'!N351,'Results Input'!N352,'Results Input'!N353),"") | F15: =IFERROR(AVERAGE('Results Input'!Q329,'Results Input'!Q330,'Results Input'!Q331,'Results Input'!Q332,'Results Input'!Q333,'Results Input'!Q334,'Results Input'!Q335,'Results Input'!Q336,'Results Input'!Q337,'Results Input'!Q338,'Results Input'!Q339,'Results Input'!Q340,'Results Input'!Q341,'Results Input'!Q342,'Results Input'!Q343,'Results Input'!Q344,'Results Input'!Q345,'Results Input'!Q346,'Results Input'!Q347,'Results Input'!Q348,'Results Input'!Q349,'Results Input'!Q350,'Results Input'!Q351,'Results Input'!Q352,'Results Input'!Q353),"") | G15: =IFERROR(AVERAGE('Results Input'!R329,'Results Input'!R330,'Results Input'!R331,'Results Input'!R332,'Results Input'!R333,'Results Input'!R334,'Results Input'!R335,'Results Input'!R336,'Results Input'!R337,'Results Input'!R338,'Results Input'!R339,'Results Input'!R340,'Results Input'!R341,'Results Input'!R342,'Results Input'!R343,'Results Input'!R344,'Results Input'!R345,'Results Input'!R346,'Results Input'!R347,'Results Input'!R348,'Results Input'!R349,'Results Input'!R350,'Results Input'!R351,'Results Input'!R352,'Results Input'!R353),"")
A17: REASONING (25 questions — form 10-K & 10-Q)
A18: System | B18: Faithfulness | C18: Ans Relevancy | D18: Hallucination↓ | E18: F1 Token | F18: Task Completion | G18: Accuracy
A19: Baseline RAG | B19: =IFERROR(AVERAGE('Results Input'!K54,'Results Input'!K55,'Results Input'!K56,'Results Input'!K57,'Results Input'!K58,'Results Input'!K59,'Results Input'!K60,'Results Input'!K61,'Results Input'!K62,'Results Input'!K63,'Results Input'!K64,'Results Input'!K65,'Results Input'!K66,'Results Input'!K67,'Results Input'!K68,'Results Input'!K69,'Results Input'!K70,'Results Input'!K71,'Results Input'!K72,'Results Input'!K73,'Results Input'!K74,'Results Input'!K75,'Results Input'!K76,'Results Input'!K77,'Results Input'!K78),"") | C19: =IFERROR(AVERAGE('Results Input'!L54,'Results Input'!L55,'Results Input'!L56,'Results Input'!L57,'Results Input'!L58,'Results Input'!L59,'Results Input'!L60,'Results Input'!L61,'Results Input'!L62,'Results Input'!L63,'Results Input'!L64,'Results Input'!L65,'Results Input'!L66,'Results Input'!L67,'Results Input'!L68,'Results Input'!L69,'Results Input'!L70,'Results Input'!L71,'Results Input'!L72,'Results Input'!L73,'Results Input'!L74,'Results Input'!L75,'Results Input'!L76,'Results Input'!L77,'Results Input'!L78),"") | D19: =IFERROR(AVERAGE('Results Input'!M54,'Results Input'!M55,'Results Input'!M56,'Results Input'!M57,'Results Input'!M58,'Results Input'!M59,'Results Input'!M60,'Results Input'!M61,'Results Input'!M62,'Results Input'!M63,'Results Input'!M64,'Results Input'!M65,'Results Input'!M66,'Results Input'!M67,'Results Input'!M68,'Results Input'!M69,'Results Input'!M70,'Results Input'!M71,'Results Input'!M72,'Results Input'!M73,'Results Input'!M74,'Results Input'!M75,'Results Input'!M76,'Results Input'!M77,'Results Input'!M78),"") | E19: =IFERROR(AVERAGE('Results Input'!N54,'Results Input'!N55,'Results Input'!N56,'Results Input'!N57,'Results Input'!N58,'Results Input'!N59,'Results Input'!N60,'Results Input'!N61,'Results Input'!N62,'Results Input'!N63,'Results Input'!N64,'Results Input'!N65,'Results Input'!N66,'Results Input'!N67,'Results Input'!N68,'Results Input'!N69,'Results Input'!N70,'Results Input'!N71,'Results Input'!N72,'Results Input'!N73,'Results Input'!N74,'Results Input'!N75,'Results Input'!N76,'Results Input'!N77,'Results Input'!N78),"") | F19: =IFERROR(AVERAGE('Results Input'!Q54,'Results Input'!Q55,'Results Input'!Q56,'Results Input'!Q57,'Results Input'!Q58,'Results Input'!Q59,'Results Input'!Q60,'Results Input'!Q61,'Results Input'!Q62,'Results Input'!Q63,'Results Input'!Q64,'Results Input'!Q65,'Results Input'!Q66,'Results Input'!Q67,'Results Input'!Q68,'Results Input'!Q69,'Results Input'!Q70,'Results Input'!Q71,'Results Input'!Q72,'Results Input'!Q73,'Results Input'!Q74,'Results Input'!Q75,'Results Input'!Q76,'Results Input'!Q77,'Results Input'!Q78),"") | G19: =IFERROR(AVERAGE('Results Input'!R54,'Results Input'!R55,'Results Input'!R56,'Results Input'!R57,'Results Input'!R58,'Results Input'!R59,'Results Input'!R60,'Results Input'!R61,'Results Input'!R62,'Results Input'!R63,'Results Input'!R64,'Results Input'!R65,'Results Input'!R66,'Results Input'!R67,'Results Input'!R68,'Results Input'!R69,'Results Input'!R70,'Results Input'!R71,'Results Input'!R72,'Results Input'!R73,'Results Input'!R74,'Results Input'!R75,'Results Input'!R76,'Results Input'!R77,'Results Input'!R78),"")
A20: Adv RAG – Hybrid (BM25+Vector) | B20: =IFERROR(AVERAGE('Results Input'!K154,'Results Input'!K155,'Results Input'!K156,'Results Input'!K157,'Results Input'!K158,'Results Input'!K159,'Results Input'!K160,'Results Input'!K161,'Results Input'!K162,'Results Input'!K163,'Results Input'!K164,'Results Input'!K165,'Results Input'!K166,'Results Input'!K167,'Results Input'!K168,'Results Input'!K169,'Results Input'!K170,'Results Input'!K171,'Results Input'!K172,'Results Input'!K173,'Results Input'!K174,'Results Input'!K175,'Results Input'!K176,'Results Input'!K177,'Results Input'!K178),"") | C20: =IFERROR(AVERAGE('Results Input'!L154,'Results Input'!L155,'Results Input'!L156,'Results Input'!L157,'Results Input'!L158,'Results Input'!L159,'Results Input'!L160,'Results Input'!L161,'Results Input'!L162,'Results Input'!L163,'Results Input'!L164,'Results Input'!L165,'Results Input'!L166,'Results Input'!L167,'Results Input'!L168,'Results Input'!L169,'Results Input'!L170,'Results Input'!L171,'Results Input'!L172,'Results Input'!L173,'Results Input'!L174,'Results Input'!L175,'Results Input'!L176,'Results Input'!L177,'Results Input'!L178),"") | D20: =IFERROR(AVERAGE('Results Input'!M154,'Results Input'!M155,'Results Input'!M156,'Results Input'!M157,'Results Input'!M158,'Results Input'!M159,'Results Input'!M160,'Results Input'!M161,'Results Input'!M162,'Results Input'!M163,'Results Input'!M164,'Results Input'!M165,'Results Input'!M166,'Results Input'!M167,'Results Input'!M168,'Results Input'!M169,'Results Input'!M170,'Results Input'!M171,'Results Input'!M172,'Results Input'!M173,'Results Input'!M174,'Results Input'!M175,'Results Input'!M176,'Results Input'!M177,'Results Input'!M178),"") | E20: =IFERROR(AVERAGE('Results Input'!N154,'Results Input'!N155,'Results Input'!N156,'Results Input'!N157,'Results Input'!N158,'Results Input'!N159,'Results Input'!N160,'Results Input'!N161,'Results Input'!N162,'Results Input'!N163,'Results Input'!N164,'Results Input'!N165,'Results Input'!N166,'Results Input'!N167,'Results Input'!N168,'Results Input'!N169,'Results Input'!N170,'Results Input'!N171,'Results Input'!N172,'Results Input'!N173,'Results Input'!N174,'Results Input'!N175,'Results Input'!N176,'Results Input'!N177,'Results Input'!N178),"") | F20: =IFERROR(AVERAGE('Results Input'!Q154,'Results Input'!Q155,'Results Input'!Q156,'Results Input'!Q157,'Results Input'!Q158,'Results Input'!Q159,'Results Input'!Q160,'Results Input'!Q161,'Results Input'!Q162,'Results Input'!Q163,'Results Input'!Q164,'Results Input'!Q165,'Results Input'!Q166,'Results Input'!Q167,'Results Input'!Q168,'Results Input'!Q169,'Results Input'!Q170,'Results Input'!Q171,'Results Input'!Q172,'Results Input'!Q173,'Results Input'!Q174,'Results Input'!Q175,'Results Input'!Q176,'Results Input'!Q177,'Results Input'!Q178),"") | G20: =IFERROR(AVERAGE('Results Input'!R154,'Results Input'!R155,'Results Input'!R156,'Results Input'!R157,'Results Input'!R158,'Results Input'!R159,'Results Input'!R160,'Results Input'!R161,'Results Input'!R162,'Results Input'!R163,'Results Input'!R164,'Results Input'!R165,'Results Input'!R166,'Results Input'!R167,'Results Input'!R168,'Results Input'!R169,'Results Input'!R170,'Results Input'!R171,'Results Input'!R172,'Results Input'!R173,'Results Input'!R174,'Results Input'!R175,'Results Input'!R176,'Results Input'!R177,'Results Input'!R178),"")
A21: Adv RAG +LangGraph | B21: =IFERROR(AVERAGE('Results Input'!K254,'Results Input'!K255,'Results Input'!K256,'Results Input'!K257,'Results Input'!K258,'Results Input'!K259,'Results Input'!K260,'Results Input'!K261,'Results Input'!K262,'Results Input'!K263,'Results Input'!K264,'Results Input'!K265,'Results Input'!K266,'Results Input'!K267,'Results Input'!K268,'Results Input'!K269,'Results Input'!K270,'Results Input'!K271,'Results Input'!K272,'Results Input'!K273,'Results Input'!K274,'Results Input'!K275,'Results Input'!K276,'Results Input'!K277,'Results Input'!K278),"") | C21: =IFERROR(AVERAGE('Results Input'!L254,'Results Input'!L255,'Results Input'!L256,'Results Input'!L257,'Results Input'!L258,'Results Input'!L259,'Results Input'!L260,'Results Input'!L261,'Results Input'!L262,'Results Input'!L263,'Results Input'!L264,'Results Input'!L265,'Results Input'!L266,'Results Input'!L267,'Results Input'!L268,'Results Input'!L269,'Results Input'!L270,'Results Input'!L271,'Results Input'!L272,'Results Input'!L273,'Results Input'!L274,'Results Input'!L275,'Results Input'!L276,'Results Input'!L277,'Results Input'!L278),"") | D21: =IFERROR(AVERAGE('Results Input'!M254,'Results Input'!M255,'Results Input'!M256,'Results Input'!M257,'Results Input'!M258,'Results Input'!M259,'Results Input'!M260,'Results Input'!M261,'Results Input'!M262,'Results Input'!M263,'Results Input'!M264,'Results Input'!M265,'Results Input'!M266,'Results Input'!M267,'Results Input'!M268,'Results Input'!M269,'Results Input'!M270,'Results Input'!M271,'Results Input'!M272,'Results Input'!M273,'Results Input'!M274,'Results Input'!M275,'Results Input'!M276,'Results Input'!M277,'Results Input'!M278),"") | E21: =IFERROR(AVERAGE('Results Input'!N254,'Results Input'!N255,'Results Input'!N256,'Results Input'!N257,'Results Input'!N258,'Results Input'!N259,'Results Input'!N260,'Results Input'!N261,'Results Input'!N262,'Results Input'!N263,'Results Input'!N264,'Results Input'!N265,'Results Input'!N266,'Results Input'!N267,'Results Input'!N268,'Results Input'!N269,'Results Input'!N270,'Results Input'!N271,'Results Input'!N272,'Results Input'!N273,'Results Input'!N274,'Results Input'!N275,'Results Input'!N276,'Results Input'!N277,'Results Input'!N278),"") | F21: =IFERROR(AVERAGE('Results Input'!Q254,'Results Input'!Q255,'Results Input'!Q256,'Results Input'!Q257,'Results Input'!Q258,'Results Input'!Q259,'Results Input'!Q260,'Results Input'!Q261,'Results Input'!Q262,'Results Input'!Q263,'Results Input'!Q264,'Results Input'!Q265,'Results Input'!Q266,'Results Input'!Q267,'Results Input'!Q268,'Results Input'!Q269,'Results Input'!Q270,'Results Input'!Q271,'Results Input'!Q272,'Results Input'!Q273,'Results Input'!Q274,'Results Input'!Q275,'Results Input'!Q276,'Results Input'!Q277,'Results Input'!Q278),"") | G21: =IFERROR(AVERAGE('Results Input'!R254,'Results Input'!R255,'Results Input'!R256,'Results Input'!R257,'Results Input'!R258,'Results Input'!R259,'Results Input'!R260,'Results Input'!R261,'Results Input'!R262,'Results Input'!R263,'Results Input'!R264,'Results Input'!R265,'Results Input'!R266,'Results Input'!R267,'Results Input'!R268,'Results Input'!R269,'Results Input'!R270,'Results Input'!R271,'Results Input'!R272,'Results Input'!R273,'Results Input'!R274,'Results Input'!R275,'Results Input'!R276,'Results Input'!R277,'Results Input'!R278),"")
A22: Adv RAG + LlamaIndex | B22: =IFERROR(AVERAGE('Results Input'!K354,'Results Input'!K355,'Results Input'!K356,'Results Input'!K357,'Results Input'!K358,'Results Input'!K359,'Results Input'!K360,'Results Input'!K361,'Results Input'!K362,'Results Input'!K363,'Results Input'!K364,'Results Input'!K365,'Results Input'!K366,'Results Input'!K367,'Results Input'!K368,'Results Input'!K369,'Results Input'!K370,'Results Input'!K371,'Results Input'!K372,'Results Input'!K373,'Results Input'!K374,'Results Input'!K375,'Results Input'!K376,'Results Input'!K377,'Results Input'!K378),"") | C22: =IFERROR(AVERAGE('Results Input'!L354,'Results Input'!L355,'Results Input'!L356,'Results Input'!L357,'Results Input'!L358,'Results Input'!L359,'Results Input'!L360,'Results Input'!L361,'Results Input'!L362,'Results Input'!L363,'Results Input'!L364,'Results Input'!L365,'Results Input'!L366,'Results Input'!L367,'Results Input'!L368,'Results Input'!L369,'Results Input'!L370,'Results Input'!L371,'Results Input'!L372,'Results Input'!L373,'Results Input'!L374,'Results Input'!L375,'Results Input'!L376,'Results Input'!L377,'Results Input'!L378),"") | D22: =IFERROR(AVERAGE('Results Input'!M354,'Results Input'!M355,'Results Input'!M356,'Results Input'!M357,'Results Input'!M358,'Results Input'!M359,'Results Input'!M360,'Results Input'!M361,'Results Input'!M362,'Results Input'!M363,'Results Input'!M364,'Results Input'!M365,'Results Input'!M366,'Results Input'!M367,'Results Input'!M368,'Results Input'!M369,'Results Input'!M370,'Results Input'!M371,'Results Input'!M372,'Results Input'!M373,'Results Input'!M374,'Results Input'!M375,'Results Input'!M376,'Results Input'!M377,'Results Input'!M378),"") | E22: =IFERROR(AVERAGE('Results Input'!N354,'Results Input'!N355,'Results Input'!N356,'Results Input'!N357,'Results Input'!N358,'Results Input'!N359,'Results Input'!N360,'Results Input'!N361,'Results Input'!N362,'Results Input'!N363,'Results Input'!N364,'Results Input'!N365,'Results Input'!N366,'Results Input'!N367,'Results Input'!N368,'Results Input'!N369,'Results Input'!N370,'Results Input'!N371,'Results Input'!N372,'Results Input'!N373,'Results Input'!N374,'Results Input'!N375,'Results Input'!N376,'Results Input'!N377,'Results Input'!N378),"") | F22: =IFERROR(AVERAGE('Results Input'!Q354,'Results Input'!Q355,'Results Input'!Q356,'Results Input'!Q357,'Results Input'!Q358,'Results Input'!Q359,'Results Input'!Q360,'Results Input'!Q361,'Results Input'!Q362,'Results Input'!Q363,'Results Input'!Q364,'Results Input'!Q365,'Results Input'!Q366,'Results Input'!Q367,'Results Input'!Q368,'Results Input'!Q369,'Results Input'!Q370,'Results Input'!Q371,'Results Input'!Q372,'Results Input'!Q373,'Results Input'!Q374,'Results Input'!Q375,'Results Input'!Q376,'Results Input'!Q377,'Results Input'!Q378),"") | G22: =IFERROR(AVERAGE('Results Input'!R354,'Results Input'!R355,'Results Input'!R356,'Results Input'!R357,'Results Input'!R358,'Results Input'!R359,'Results Input'!R360,'Results Input'!R361,'Results Input'!R362,'Results Input'!R363,'Results Input'!R364,'Results Input'!R365,'Results Input'!R366,'Results Input'!R367,'Results Input'!R368,'Results Input'!R369,'Results Input'!R370,'Results Input'!R371,'Results Input'!R372,'Results Input'!R373,'Results Input'!R374,'Results Input'!R375,'Results Input'!R376,'Results Input'!R377,'Results Input'!R378),"")
A24: HALLUCINATION (25 questions — form 10-K & 10-Q)
A25: System | B25: Faithfulness | C25: Ans Relevancy | D25: Hallucination↓ | E25: F1 Token | F25: Task Completion | G25: Accuracy
A26: Baseline RAG | B26: =IFERROR(AVERAGE('Results Input'!K79,'Results Input'!K80,'Results Input'!K81,'Results Input'!K82,'Results Input'!K83,'Results Input'!K84,'Results Input'!K85,'Results Input'!K86,'Results Input'!K87,'Results Input'!K88,'Results Input'!K89,'Results Input'!K90,'Results Input'!K91,'Results Input'!K92,'Results Input'!K93,'Results Input'!K94,'Results Input'!K95,'Results Input'!K96,'Results Input'!K97,'Results Input'!K98,'Results Input'!K99,'Results Input'!K100,'Results Input'!K101,'Results Input'!K102,'Results Input'!K103),"") | C26: =IFERROR(AVERAGE('Results Input'!L79,'Results Input'!L80,'Results Input'!L81,'Results Input'!L82,'Results Input'!L83,'Results Input'!L84,'Results Input'!L85,'Results Input'!L86,'Results Input'!L87,'Results Input'!L88,'Results Input'!L89,'Results Input'!L90,'Results Input'!L91,'Results Input'!L92,'Results Input'!L93,'Results Input'!L94,'Results Input'!L95,'Results Input'!L96,'Results Input'!L97,'Results Input'!L98,'Results Input'!L99,'Results Input'!L100,'Results Input'!L101,'Results Input'!L102,'Results Input'!L103),"") | D26: =IFERROR(AVERAGE('Results Input'!M79,'Results Input'!M80,'Results Input'!M81,'Results Input'!M82,'Results Input'!M83,'Results Input'!M84,'Results Input'!M85,'Results Input'!M86,'Results Input'!M87,'Results Input'!M88,'Results Input'!M89,'Results Input'!M90,'Results Input'!M91,'Results Input'!M92,'Results Input'!M93,'Results Input'!M94,'Results Input'!M95,'Results Input'!M96,'Results Input'!M97,'Results Input'!M98,'Results Input'!M99,'Results Input'!M100,'Results Input'!M101,'Results Input'!M102,'Results Input'!M103),"") | E26: =IFERROR(AVERAGE('Results Input'!N79,'Results Input'!N80,'Results Input'!N81,'Results Input'!N82,'Results Input'!N83,'Results Input'!N84,'Results Input'!N85,'Results Input'!N86,'Results Input'!N87,'Results Input'!N88,'Results Input'!N89,'Results Input'!N90,'Results Input'!N91,'Results Input'!N92,'Results Input'!N93,'Results Input'!N94,'Results Input'!N95,'Results Input'!N96,'Results Input'!N97,'Results Input'!N98,'Results Input'!N99,'Results Input'!N100,'Results Input'!N101,'Results Input'!N102,'Results Input'!N103),"") | F26: =IFERROR(AVERAGE('Results Input'!Q79,'Results Input'!Q80,'Results Input'!Q81,'Results Input'!Q82,'Results Input'!Q83,'Results Input'!Q84,'Results Input'!Q85,'Results Input'!Q86,'Results Input'!Q87,'Results Input'!Q88,'Results Input'!Q89,'Results Input'!Q90,'Results Input'!Q91,'Results Input'!Q92,'Results Input'!Q93,'Results Input'!Q94,'Results Input'!Q95,'Results Input'!Q96,'Results Input'!Q97,'Results Input'!Q98,'Results Input'!Q99,'Results Input'!Q100,'Results Input'!Q101,'Results Input'!Q102,'Results Input'!Q103),"") | G26: =IFERROR(AVERAGE('Results Input'!R79,'Results Input'!R80,'Results Input'!R81,'Results Input'!R82,'Results Input'!R83,'Results Input'!R84,'Results Input'!R85,'Results Input'!R86,'Results Input'!R87,'Results Input'!R88,'Results Input'!R89,'Results Input'!R90,'Results Input'!R91,'Results Input'!R92,'Results Input'!R93,'Results Input'!R94,'Results Input'!R95,'Results Input'!R96,'Results Input'!R97,'Results Input'!R98,'Results Input'!R99,'Results Input'!R100,'Results Input'!R101,'Results Input'!R102,'Results Input'!R103),"")
A27: Adv RAG – Hybrid (BM25+Vector) | B27: =IFERROR(AVERAGE('Results Input'!K179,'Results Input'!K180,'Results Input'!K181,'Results Input'!K182,'Results Input'!K183,'Results Input'!K184,'Results Input'!K185,'Results Input'!K186,'Results Input'!K187,'Results Input'!K188,'Results Input'!K189,'Results Input'!K190,'Results Input'!K191,'Results Input'!K192,'Results Input'!K193,'Results Input'!K194,'Results Input'!K195,'Results Input'!K196,'Results Input'!K197,'Results Input'!K198,'Results Input'!K199,'Results Input'!K200,'Results Input'!K201,'Results Input'!K202,'Results Input'!K203),"") | C27: =IFERROR(AVERAGE('Results Input'!L179,'Results Input'!L180,'Results Input'!L181,'Results Input'!L182,'Results Input'!L183,'Results Input'!L184,'Results Input'!L185,'Results Input'!L186,'Results Input'!L187,'Results Input'!L188,'Results Input'!L189,'Results Input'!L190,'Results Input'!L191,'Results Input'!L192,'Results Input'!L193,'Results Input'!L194,'Results Input'!L195,'Results Input'!L196,'Results Input'!L197,'Results Input'!L198,'Results Input'!L199,'Results Input'!L200,'Results Input'!L201,'Results Input'!L202,'Results Input'!L203),"") | D27: =IFERROR(AVERAGE('Results Input'!M179,'Results Input'!M180,'Results Input'!M181,'Results Input'!M182,'Results Input'!M183,'Results Input'!M184,'Results Input'!M185,'Results Input'!M186,'Results Input'!M187,'Results Input'!M188,'Results Input'!M189,'Results Input'!M190,'Results Input'!M191,'Results Input'!M192,'Results Input'!M193,'Results Input'!M194,'Results Input'!M195,'Results Input'!M196,'Results Input'!M197,'Results Input'!M198,'Results Input'!M199,'Results Input'!M200,'Results Input'!M201,'Results Input'!M202,'Results Input'!M203),"") | E27: =IFERROR(AVERAGE('Results Input'!N179,'Results Input'!N180,'Results Input'!N181,'Results Input'!N182,'Results Input'!N183,'Results Input'!N184,'Results Input'!N185,'Results Input'!N186,'Results Input'!N187,'Results Input'!N188,'Results Input'!N189,'Results Input'!N190,'Results Input'!N191,'Results Input'!N192,'Results Input'!N193,'Results Input'!N194,'Results Input'!N195,'Results Input'!N196,'Results Input'!N197,'Results Input'!N198,'Results Input'!N199,'Results Input'!N200,'Results Input'!N201,'Results Input'!N202,'Results Input'!N203),"") | F27: =IFERROR(AVERAGE('Results Input'!Q179,'Results Input'!Q180,'Results Input'!Q181,'Results Input'!Q182,'Results Input'!Q183,'Results Input'!Q184,'Results Input'!Q185,'Results Input'!Q186,'Results Input'!Q187,'Results Input'!Q188,'Results Input'!Q189,'Results Input'!Q190,'Results Input'!Q191,'Results Input'!Q192,'Results Input'!Q193,'Results Input'!Q194,'Results Input'!Q195,'Results Input'!Q196,'Results Input'!Q197,'Results Input'!Q198,'Results Input'!Q199,'Results Input'!Q200,'Results Input'!Q201,'Results Input'!Q202,'Results Input'!Q203),"") | G27: =IFERROR(AVERAGE('Results Input'!R179,'Results Input'!R180,'Results Input'!R181,'Results Input'!R182,'Results Input'!R183,'Results Input'!R184,'Results Input'!R185,'Results Input'!R186,'Results Input'!R187,'Results Input'!R188,'Results Input'!R189,'Results Input'!R190,'Results Input'!R191,'Results Input'!R192,'Results Input'!R193,'Results Input'!R194,'Results Input'!R195,'Results Input'!R196,'Results Input'!R197,'Results Input'!R198,'Results Input'!R199,'Results Input'!R200,'Results Input'!R201,'Results Input'!R202,'Results Input'!R203),"")
A28: Adv RAG +LangGraph | B28: =IFERROR(AVERAGE('Results Input'!K279,'Results Input'!K280,'Results Input'!K281,'Results Input'!K282,'Results Input'!K283,'Results Input'!K284,'Results Input'!K285,'Results Input'!K286,'Results Input'!K287,'Results Input'!K288,'Results Input'!K289,'Results Input'!K290,'Results Input'!K291,'Results Input'!K292,'Results Input'!K293,'Results Input'!K294,'Results Input'!K295,'Results Input'!K296,'Results Input'!K297,'Results Input'!K298,'Results Input'!K299,'Results Input'!K300,'Results Input'!K301,'Results Input'!K302,'Results Input'!K303),"") | C28: =IFERROR(AVERAGE('Results Input'!L279,'Results Input'!L280,'Results Input'!L281,'Results Input'!L282,'Results Input'!L283,'Results Input'!L284,'Results Input'!L285,'Results Input'!L286,'Results Input'!L287,'Results Input'!L288,'Results Input'!L289,'Results Input'!L290,'Results Input'!L291,'Results Input'!L292,'Results Input'!L293,'Results Input'!L294,'Results Input'!L295,'Results Input'!L296,'Results Input'!L297,'Results Input'!L298,'Results Input'!L299,'Results Input'!L300,'Results Input'!L301,'Results Input'!L302,'Results Input'!L303),"") | D28: =IFERROR(AVERAGE('Results Input'!M279,'Results Input'!M280,'Results Input'!M281,'Results Input'!M282,'Results Input'!M283,'Results Input'!M284,'Results Input'!M285,'Results Input'!M286,'Results Input'!M287,'Results Input'!M288,'Results Input'!M289,'Results Input'!M290,'Results Input'!M291,'Results Input'!M292,'Results Input'!M293,'Results Input'!M294,'Results Input'!M295,'Results Input'!M296,'Results Input'!M297,'Results Input'!M298,'Results Input'!M299,'Results Input'!M300,'Results Input'!M301,'Results Input'!M302,'Results Input'!M303),"") | E28: =IFERROR(AVERAGE('Results Input'!N279,'Results Input'!N280,'Results Input'!N281,'Results Input'!N282,'Results Input'!N283,'Results Input'!N284,'Results Input'!N285,'Results Input'!N286,'Results Input'!N287,'Results Input'!N288,'Results Input'!N289,'Results Input'!N290,'Results Input'!N291,'Results Input'!N292,'Results Input'!N293,'Results Input'!N294,'Results Input'!N295,'Results Input'!N296,'Results Input'!N297,'Results Input'!N298,'Results Input'!N299,'Results Input'!N300,'Results Input'!N301,'Results Input'!N302,'Results Input'!N303),"") | F28: =IFERROR(AVERAGE('Results Input'!Q279,'Results Input'!Q280,'Results Input'!Q281,'Results Input'!Q282,'Results Input'!Q283,'Results Input'!Q284,'Results Input'!Q285,'Results Input'!Q286,'Results Input'!Q287,'Results Input'!Q288,'Results Input'!Q289,'Results Input'!Q290,'Results Input'!Q291,'Results Input'!Q292,'Results Input'!Q293,'Results Input'!Q294,'Results Input'!Q295,'Results Input'!Q296,'Results Input'!Q297,'Results Input'!Q298,'Results Input'!Q299,'Results Input'!Q300,'Results Input'!Q301,'Results Input'!Q302,'Results Input'!Q303),"") | G28: =IFERROR(AVERAGE('Results Input'!R279,'Results Input'!R280,'Results Input'!R281,'Results Input'!R282,'Results Input'!R283,'Results Input'!R284,'Results Input'!R285,'Results Input'!R286,'Results Input'!R287,'Results Input'!R288,'Results Input'!R289,'Results Input'!R290,'Results Input'!R291,'Results Input'!R292,'Results Input'!R293,'Results Input'!R294,'Results Input'!R295,'Results Input'!R296,'Results Input'!R297,'Results Input'!R298,'Results Input'!R299,'Results Input'!R300,'Results Input'!R301,'Results Input'!R302,'Results Input'!R303),"")
A29: Adv RAG + LlamaIndex | B29: =IFERROR(AVERAGE('Results Input'!K379,'Results Input'!K380,'Results Input'!K381,'Results Input'!K382,'Results Input'!K383,'Results Input'!K384,'Results Input'!K385,'Results Input'!K386,'Results Input'!K387,'Results Input'!K388,'Results Input'!K389,'Results Input'!K390,'Results Input'!K391,'Results Input'!K392,'Results Input'!K393,'Results Input'!K394,'Results Input'!K395,'Results Input'!K396,'Results Input'!K397,'Results Input'!K398,'Results Input'!K399,'Results Input'!K400,'Results Input'!K401,'Results Input'!K402,'Results Input'!K403),"") | C29: =IFERROR(AVERAGE('Results Input'!L379,'Results Input'!L380,'Results Input'!L381,'Results Input'!L382,'Results Input'!L383,'Results Input'!L384,'Results Input'!L385,'Results Input'!L386,'Results Input'!L387,'Results Input'!L388,'Results Input'!L389,'Results Input'!L390,'Results Input'!L391,'Results Input'!L392,'Results Input'!L393,'Results Input'!L394,'Results Input'!L395,'Results Input'!L396,'Results Input'!L397,'Results Input'!L398,'Results Input'!L399,'Results Input'!L400,'Results Input'!L401,'Results Input'!L402,'Results Input'!L403),"") | D29: =IFERROR(AVERAGE('Results Input'!M379,'Results Input'!M380,'Results Input'!M381,'Results Input'!M382,'Results Input'!M383,'Results Input'!M384,'Results Input'!M385,'Results Input'!M386,'Results Input'!M387,'Results Input'!M388,'Results Input'!M389,'Results Input'!M390,'Results Input'!M391,'Results Input'!M392,'Results Input'!M393,'Results Input'!M394,'Results Input'!M395,'Results Input'!M396,'Results Input'!M397,'Results Input'!M398,'Results Input'!M399,'Results Input'!M400,'Results Input'!M401,'Results Input'!M402,'Results Input'!M403),"") | E29: =IFERROR(AVERAGE('Results Input'!N379,'Results Input'!N380,'Results Input'!N381,'Results Input'!N382,'Results Input'!N383,'Results Input'!N384,'Results Input'!N385,'Results Input'!N386,'Results Input'!N387,'Results Input'!N388,'Results Input'!N389,'Results Input'!N390,'Results Input'!N391,'Results Input'!N392,'Results Input'!N393,'Results Input'!N394,'Results Input'!N395,'Results Input'!N396,'Results Input'!N397,'Results Input'!N398,'Results Input'!N399,'Results Input'!N400,'Results Input'!N401,'Results Input'!N402,'Results Input'!N403),"") | F29: =IFERROR(AVERAGE('Results Input'!Q379,'Results Input'!Q380,'Results Input'!Q381,'Results Input'!Q382,'Results Input'!Q383,'Results Input'!Q384,'Results Input'!Q385,'Results Input'!Q386,'Results Input'!Q387,'Results Input'!Q388,'Results Input'!Q389,'Results Input'!Q390,'Results Input'!Q391,'Results Input'!Q392,'Results Input'!Q393,'Results Input'!Q394,'Results Input'!Q395,'Results Input'!Q396,'Results Input'!Q397,'Results Input'!Q398,'Results Input'!Q399,'Results Input'!Q400,'Results Input'!Q401,'Results Input'!Q402,'Results Input'!Q403),"") | G29: =IFERROR(AVERAGE('Results Input'!R379,'Results Input'!R380,'Results Input'!R381,'Results Input'!R382,'Results Input'!R383,'Results Input'!R384,'Results Input'!R385,'Results Input'!R386,'Results Input'!R387,'Results Input'!R388,'Results Input'!R389,'Results Input'!R390,'Results Input'!R391,'Results Input'!R392,'Results Input'!R393,'Results Input'!R394,'Results Input'!R395,'Results Input'!R396,'Results Input'!R397,'Results Input'!R398,'Results Input'!R399,'Results Input'!R400,'Results Input'!R401,'Results Input'!R402,'Results Input'!R403),"")
